id	data_hora_entrada	data_hora_saida	num_dias	data_hora_reserva	origem_reserva
1	2021-05-01 00:00:00.00	2021-05-02 00:00:00.00	1	2021-04-10 00:00:00.00	site
2	2022-12-19 00:00:00.00	2022-12-22 00:00:00.00	3	2022-11-19 00:00:00.00	instagram
3	2021-02-18 00:00:00.00	2021-02-19 00:00:00.00	1	2021-01-28 00:00:00.00	booking
4	2022-05-04 00:00:00.00	2022-05-05 00:00:00.00	1	2022-04-30 00:00:00.00	pessoalmente
5	2021-02-27 00:00:00.00	2021-03-05 00:00:00.00	6	2021-02-10 00:00:00.00	booking
6	2022-11-19 00:00:00.00	2022-11-22 00:00:00.00	3	2022-11-07 00:00:00.00	whatsapp
7	2021-09-07 00:00:00.00	2021-09-13 00:00:00.00	6	2021-08-22 00:00:00.00	outro
8	2021-02-13 00:00:00.00	2021-02-22 00:00:00.00	9	2021-02-10 00:00:00.00	instagram
9	2021-08-24 00:00:00.00	2021-09-01 00:00:00.00	8	2021-08-07 00:00:00.00	instagram
10	2021-08-22 00:00:00.00	2021-08-28 00:00:00.00	6	2021-08-09 00:00:00.00	booking
11	2021-04-06 00:00:00.00	2021-04-09 00:00:00.00	3	2021-03-24 00:00:00.00	whatsapp
12	2021-01-25 00:00:00.00	2021-01-27 00:00:00.00	2	2021-01-21 00:00:00.00	whatsapp
13	2022-08-04 00:00:00.00	2022-08-13 00:00:00.00	9	2022-07-10 00:00:00.00	outro
14	2021-01-03 00:00:00.00	2021-01-05 00:00:00.00	2	2020-12-06 00:00:00.00	pessoalmente
15	2021-03-03 00:00:00.00	2021-03-07 00:00:00.00	4	2021-02-25 00:00:00.00	pessoalmente
16	2022-12-18 00:00:00.00	2022-12-25 00:00:00.00	7	2022-11-23 00:00:00.00	site
17	2021-01-25 00:00:00.00	2021-02-04 00:00:00.00	10	2021-01-19 00:00:00.00	telefone
18	2021-06-30 00:00:00.00	2021-07-06 00:00:00.00	6	2021-06-07 00:00:00.00	instagram
19	2022-04-18 00:00:00.00	2022-04-19 00:00:00.00	1	2022-03-20 00:00:00.00	pessoalmente
20	2022-03-07 00:00:00.00	2022-03-11 00:00:00.00	4	2022-02-16 00:00:00.00	whatsapp
21	2021-11-05 00:00:00.00	2021-11-12 00:00:00.00	7	2021-10-13 00:00:00.00	whatsapp
22	2021-05-16 00:00:00.00	2021-05-23 00:00:00.00	7	2021-04-21 00:00:00.00	outro
23	2022-04-07 00:00:00.00	2022-04-16 00:00:00.00	9	2022-03-24 00:00:00.00	pessoalmente
24	2022-10-02 00:00:00.00	2022-10-10 00:00:00.00	8	2022-09-17 00:00:00.00	booking
25	2022-01-14 00:00:00.00	2022-01-18 00:00:00.00	4	2022-01-01 00:00:00.00	whatsapp
26	2021-10-10 00:00:00.00	2021-10-12 00:00:00.00	2	2021-09-21 00:00:00.00	telefone
27	2022-10-02 00:00:00.00	2022-10-09 00:00:00.00	7	2022-09-14 00:00:00.00	facebook
28	2021-01-27 00:00:00.00	2021-01-31 00:00:00.00	4	2021-01-06 00:00:00.00	pessoalmente
29	2022-01-29 00:00:00.00	2022-02-03 00:00:00.00	5	2022-01-05 00:00:00.00	pessoalmente
30	2022-03-12 00:00:00.00	2022-03-13 00:00:00.00	1	2022-02-28 00:00:00.00	instagram
31	2021-04-30 00:00:00.00	2021-05-01 00:00:00.00	1	2021-04-08 00:00:00.00	telefone
32	2021-10-14 00:00:00.00	2021-10-21 00:00:00.00	7	2021-09-23 00:00:00.00	pessoalmente
33	2022-04-10 00:00:00.00	2022-04-16 00:00:00.00	6	2022-03-30 00:00:00.00	site
34	2022-09-25 00:00:00.00	2022-09-30 00:00:00.00	5	2022-09-09 00:00:00.00	facebook
35	2021-09-12 00:00:00.00	2021-09-20 00:00:00.00	8	2021-08-19 00:00:00.00	outro
36	2021-11-14 00:00:00.00	2021-11-18 00:00:00.00	4	2021-11-02 00:00:00.00	site
37	2022-02-22 00:00:00.00	2022-02-25 00:00:00.00	3	2022-02-07 00:00:00.00	pessoalmente
38	2021-01-02 00:00:00.00	2021-01-12 00:00:00.00	10	2020-12-15 00:00:00.00	pessoalmente
39	2022-08-22 00:00:00.00	2022-08-25 00:00:00.00	3	2022-08-02 00:00:00.00	facebook
40	2021-03-09 00:00:00.00	2021-03-13 00:00:00.00	4	2021-02-10 00:00:00.00	facebook
41	2021-11-15 00:00:00.00	2021-11-20 00:00:00.00	5	2021-10-21 00:00:00.00	outro
42	2022-08-28 00:00:00.00	2022-08-31 00:00:00.00	3	2022-08-15 00:00:00.00	whatsapp
43	2022-01-08 00:00:00.00	2022-01-14 00:00:00.00	6	2021-12-25 00:00:00.00	whatsapp
44	2022-06-19 00:00:00.00	2022-06-25 00:00:00.00	6	2022-06-12 00:00:00.00	whatsapp
45	2022-10-01 00:00:00.00	2022-10-05 00:00:00.00	4	2022-09-12 00:00:00.00	pessoalmente
46	2021-11-12 00:00:00.00	2021-11-20 00:00:00.00	8	2021-10-27 00:00:00.00	site
47	2022-02-25 00:00:00.00	2022-02-28 00:00:00.00	3	2022-01-31 00:00:00.00	outro
48	2022-03-24 00:00:00.00	2022-03-25 00:00:00.00	1	2022-03-18 00:00:00.00	pessoalmente
49	2021-02-23 00:00:00.00	2021-02-27 00:00:00.00	4	2021-02-06 00:00:00.00	telefone
50	2021-06-08 00:00:00.00	2021-06-17 00:00:00.00	9	2021-06-06 00:00:00.00	telefone
51	2022-05-03 00:00:00.00	2022-05-12 00:00:00.00	9	2022-04-09 00:00:00.00	instagram
52	2021-06-24 00:00:00.00	2021-06-30 00:00:00.00	6	2021-06-17 00:00:00.00	telefone
53	2022-12-05 00:00:00.00	2022-12-10 00:00:00.00	5	2022-11-14 00:00:00.00	booking
54	2021-12-03 00:00:00.00	2021-12-11 00:00:00.00	8	2021-11-11 00:00:00.00	outro
55	2021-03-10 00:00:00.00	2021-03-20 00:00:00.00	10	2021-02-25 00:00:00.00	booking
56	2021-07-23 00:00:00.00	2021-08-01 00:00:00.00	9	2021-07-04 00:00:00.00	whatsapp
57	2021-03-15 00:00:00.00	2021-03-19 00:00:00.00	4	2021-02-19 00:00:00.00	instagram
58	2021-10-29 00:00:00.00	2021-11-04 00:00:00.00	6	2021-10-23 00:00:00.00	outro
59	2021-11-06 00:00:00.00	2021-11-12 00:00:00.00	6	2021-10-26 00:00:00.00	outro
60	2021-08-24 00:00:00.00	2021-08-25 00:00:00.00	1	2021-07-28 00:00:00.00	instagram
61	2021-11-14 00:00:00.00	2021-11-23 00:00:00.00	9	2021-10-29 00:00:00.00	site
62	2022-08-02 00:00:00.00	2022-08-12 00:00:00.00	10	2022-07-28 00:00:00.00	telefone
63	2022-07-26 00:00:00.00	2022-08-03 00:00:00.00	8	2022-07-04 00:00:00.00	facebook
64	2022-11-01 00:00:00.00	2022-11-06 00:00:00.00	5	2022-10-12 00:00:00.00	booking
65	2022-06-16 00:00:00.00	2022-06-26 00:00:00.00	10	2022-06-06 00:00:00.00	pessoalmente
66	2021-06-26 00:00:00.00	2021-06-28 00:00:00.00	2	2021-06-17 00:00:00.00	instagram
67	2022-07-13 00:00:00.00	2022-07-17 00:00:00.00	4	2022-06-18 00:00:00.00	booking
68	2021-03-07 00:00:00.00	2021-03-09 00:00:00.00	2	2021-03-06 00:00:00.00	outro
69	2022-10-13 00:00:00.00	2022-10-22 00:00:00.00	9	2022-10-09 00:00:00.00	facebook
70	2021-09-16 00:00:00.00	2021-09-24 00:00:00.00	8	2021-08-30 00:00:00.00	whatsapp
71	2022-09-26 00:00:00.00	2022-09-28 00:00:00.00	2	2022-09-08 00:00:00.00	booking
72	2022-07-25 00:00:00.00	2022-08-01 00:00:00.00	7	2022-07-09 00:00:00.00	booking
73	2021-10-11 00:00:00.00	2021-10-19 00:00:00.00	8	2021-09-13 00:00:00.00	booking
74	2021-03-19 00:00:00.00	2021-03-22 00:00:00.00	3	2021-02-17 00:00:00.00	instagram
75	2022-05-23 00:00:00.00	2022-05-29 00:00:00.00	6	2022-05-17 00:00:00.00	instagram
76	2021-10-11 00:00:00.00	2021-10-21 00:00:00.00	10	2021-10-01 00:00:00.00	instagram
77	2022-10-21 00:00:00.00	2022-10-23 00:00:00.00	2	2022-09-25 00:00:00.00	site
78	2021-05-22 00:00:00.00	2021-05-23 00:00:00.00	1	2021-05-09 00:00:00.00	site
79	2022-09-18 00:00:00.00	2022-09-24 00:00:00.00	6	2022-09-03 00:00:00.00	instagram
80	2021-05-20 00:00:00.00	2021-05-26 00:00:00.00	6	2021-04-30 00:00:00.00	whatsapp
81	2022-03-04 00:00:00.00	2022-03-11 00:00:00.00	7	2022-02-27 00:00:00.00	telefone
82	2022-05-26 00:00:00.00	2022-05-31 00:00:00.00	5	2022-04-30 00:00:00.00	booking
83	2022-06-06 00:00:00.00	2022-06-11 00:00:00.00	5	2022-05-28 00:00:00.00	booking
84	2021-12-20 00:00:00.00	2021-12-24 00:00:00.00	4	2021-12-08 00:00:00.00	pessoalmente
85	2021-10-24 00:00:00.00	2021-11-01 00:00:00.00	8	2021-10-18 00:00:00.00	outro
86	2022-08-21 00:00:00.00	2022-08-31 00:00:00.00	10	2022-08-04 00:00:00.00	facebook
87	2021-07-27 00:00:00.00	2021-07-29 00:00:00.00	2	2021-07-13 00:00:00.00	site
88	2022-05-16 00:00:00.00	2022-05-17 00:00:00.00	1	2022-05-10 00:00:00.00	pessoalmente
89	2022-08-11 00:00:00.00	2022-08-20 00:00:00.00	9	2022-07-21 00:00:00.00	outro
90	2022-12-03 00:00:00.00	2022-12-08 00:00:00.00	5	2022-11-24 00:00:00.00	whatsapp
91	2021-09-24 00:00:00.00	2021-09-29 00:00:00.00	5	2021-09-11 00:00:00.00	booking
92	2021-12-26 00:00:00.00	2021-12-31 00:00:00.00	5	2021-12-03 00:00:00.00	telefone
93	2022-12-10 00:00:00.00	2022-12-12 00:00:00.00	2	2022-11-10 00:00:00.00	whatsapp
94	2021-12-20 00:00:00.00	2021-12-30 00:00:00.00	10	2021-12-06 00:00:00.00	booking
95	2022-03-19 00:00:00.00	2022-03-25 00:00:00.00	6	2022-03-11 00:00:00.00	facebook
96	2022-01-18 00:00:00.00	2022-01-22 00:00:00.00	4	2021-12-30 00:00:00.00	outro
97	2022-08-25 00:00:00.00	2022-08-31 00:00:00.00	6	2022-08-04 00:00:00.00	site
98	2022-10-18 00:00:00.00	2022-10-22 00:00:00.00	4	2022-10-15 00:00:00.00	outro
99	2021-03-22 00:00:00.00	2021-03-23 00:00:00.00	1	2021-02-22 00:00:00.00	whatsapp
100	2021-01-08 00:00:00.00	2021-01-16 00:00:00.00	8	2021-01-04 00:00:00.00	facebook
101	2022-04-18 00:00:00.00	2022-04-25 00:00:00.00	7	2022-04-11 00:00:00.00	pessoalmente
102	2022-05-02 00:00:00.00	2022-05-09 00:00:00.00	7	2022-04-18 00:00:00.00	booking
103	2022-08-16 00:00:00.00	2022-08-19 00:00:00.00	3	2022-08-02 00:00:00.00	telefone
104	2022-09-01 00:00:00.00	2022-09-11 00:00:00.00	10	2022-08-03 00:00:00.00	facebook
105	2022-09-09 00:00:00.00	2022-09-17 00:00:00.00	8	2022-08-17 00:00:00.00	site
106	2021-07-13 00:00:00.00	2021-07-14 00:00:00.00	1	2021-07-04 00:00:00.00	pessoalmente
107	2021-09-22 00:00:00.00	2021-09-25 00:00:00.00	3	2021-08-23 00:00:00.00	booking
108	2021-11-21 00:00:00.00	2021-11-29 00:00:00.00	8	2021-11-14 00:00:00.00	whatsapp
109	2021-12-06 00:00:00.00	2021-12-08 00:00:00.00	2	2021-12-05 00:00:00.00	facebook
110	2022-01-15 00:00:00.00	2022-01-25 00:00:00.00	10	2022-01-14 00:00:00.00	whatsapp
111	2022-03-26 00:00:00.00	2022-04-05 00:00:00.00	10	2022-03-15 00:00:00.00	instagram
112	2022-11-29 00:00:00.00	2022-12-05 00:00:00.00	6	2022-11-10 00:00:00.00	instagram
113	2022-02-11 00:00:00.00	2022-02-12 00:00:00.00	1	2022-01-16 00:00:00.00	pessoalmente
114	2022-08-11 00:00:00.00	2022-08-17 00:00:00.00	6	2022-07-14 00:00:00.00	instagram
115	2021-04-17 00:00:00.00	2021-04-26 00:00:00.00	9	2021-03-28 00:00:00.00	booking
116	2021-04-04 00:00:00.00	2021-04-07 00:00:00.00	3	2021-03-30 00:00:00.00	booking
117	2021-04-29 00:00:00.00	2021-05-03 00:00:00.00	4	2021-04-07 00:00:00.00	outro
118	2022-11-30 00:00:00.00	2022-12-09 00:00:00.00	9	2022-11-18 00:00:00.00	instagram
119	2022-09-11 00:00:00.00	2022-09-20 00:00:00.00	9	2022-08-14 00:00:00.00	pessoalmente
120	2022-12-29 00:00:00.00	2022-12-31 00:00:00.00	2	2022-12-13 00:00:00.00	whatsapp
121	2021-05-30 00:00:00.00	2021-06-08 00:00:00.00	9	2021-05-29 00:00:00.00	telefone
122	2021-02-23 00:00:00.00	2021-02-25 00:00:00.00	2	2021-02-08 00:00:00.00	site
123	2022-10-31 00:00:00.00	2022-11-08 00:00:00.00	8	2022-10-28 00:00:00.00	booking
124	2022-12-07 00:00:00.00	2022-12-15 00:00:00.00	8	2022-12-03 00:00:00.00	whatsapp
125	2022-01-06 00:00:00.00	2022-01-12 00:00:00.00	6	2021-12-10 00:00:00.00	instagram
126	2021-08-14 00:00:00.00	2021-08-16 00:00:00.00	2	2021-07-30 00:00:00.00	instagram
127	2021-10-03 00:00:00.00	2021-10-06 00:00:00.00	3	2021-09-04 00:00:00.00	facebook
128	2022-04-16 00:00:00.00	2022-04-21 00:00:00.00	5	2022-03-22 00:00:00.00	instagram
129	2022-02-26 00:00:00.00	2022-03-08 00:00:00.00	10	2022-02-13 00:00:00.00	telefone
130	2022-10-13 00:00:00.00	2022-10-14 00:00:00.00	1	2022-10-08 00:00:00.00	telefone
131	2022-06-16 00:00:00.00	2022-06-17 00:00:00.00	1	2022-05-21 00:00:00.00	booking
132	2021-10-29 00:00:00.00	2021-11-05 00:00:00.00	7	2021-10-16 00:00:00.00	pessoalmente
133	2021-02-09 00:00:00.00	2021-02-19 00:00:00.00	10	2021-01-31 00:00:00.00	telefone
134	2021-09-11 00:00:00.00	2021-09-17 00:00:00.00	6	2021-08-28 00:00:00.00	outro
135	2021-08-05 00:00:00.00	2021-08-14 00:00:00.00	9	2021-07-21 00:00:00.00	site
136	2022-01-16 00:00:00.00	2022-01-19 00:00:00.00	3	2021-12-26 00:00:00.00	instagram
137	2021-12-27 00:00:00.00	2021-12-31 00:00:00.00	4	2021-12-05 00:00:00.00	telefone
138	2022-12-04 00:00:00.00	2022-12-05 00:00:00.00	1	2022-11-15 00:00:00.00	telefone
139	2022-05-23 00:00:00.00	2022-05-26 00:00:00.00	3	2022-05-22 00:00:00.00	whatsapp
140	2021-04-12 00:00:00.00	2021-04-15 00:00:00.00	3	2021-03-25 00:00:00.00	outro
141	2022-08-27 00:00:00.00	2022-09-05 00:00:00.00	9	2022-08-23 00:00:00.00	site
142	2022-04-09 00:00:00.00	2022-04-11 00:00:00.00	2	2022-04-04 00:00:00.00	site
143	2022-03-01 00:00:00.00	2022-03-09 00:00:00.00	8	2022-02-23 00:00:00.00	pessoalmente
144	2021-01-28 00:00:00.00	2021-02-01 00:00:00.00	4	2021-01-15 00:00:00.00	telefone
145	2022-05-18 00:00:00.00	2022-05-22 00:00:00.00	4	2022-05-04 00:00:00.00	whatsapp
146	2021-08-03 00:00:00.00	2021-08-06 00:00:00.00	3	2021-07-23 00:00:00.00	facebook
147	2022-04-23 00:00:00.00	2022-04-26 00:00:00.00	3	2022-04-01 00:00:00.00	facebook
148	2021-07-06 00:00:00.00	2021-07-16 00:00:00.00	10	2021-07-02 00:00:00.00	instagram
149	2021-10-03 00:00:00.00	2021-10-13 00:00:00.00	10	2021-09-20 00:00:00.00	pessoalmente
150	2022-06-25 00:00:00.00	2022-06-29 00:00:00.00	4	2022-06-11 00:00:00.00	whatsapp
151	2022-02-04 00:00:00.00	2022-02-05 00:00:00.00	1	2022-01-17 00:00:00.00	booking
152	2021-09-20 00:00:00.00	2021-09-22 00:00:00.00	2	2021-09-08 00:00:00.00	site
153	2021-03-12 00:00:00.00	2021-03-16 00:00:00.00	4	2021-02-21 00:00:00.00	booking
154	2021-05-29 00:00:00.00	2021-06-03 00:00:00.00	5	2021-04-29 00:00:00.00	site
155	2022-06-02 00:00:00.00	2022-06-03 00:00:00.00	1	2022-05-26 00:00:00.00	instagram
156	2022-04-01 00:00:00.00	2022-04-02 00:00:00.00	1	2022-03-08 00:00:00.00	booking
157	2021-02-16 00:00:00.00	2021-02-26 00:00:00.00	10	2021-01-17 00:00:00.00	whatsapp
158	2022-04-17 00:00:00.00	2022-04-22 00:00:00.00	5	2022-04-09 00:00:00.00	site
159	2022-12-04 00:00:00.00	2022-12-09 00:00:00.00	5	2022-11-28 00:00:00.00	telefone
160	2021-11-29 00:00:00.00	2021-12-02 00:00:00.00	3	2021-11-19 00:00:00.00	site
161	2021-02-01 00:00:00.00	2021-02-05 00:00:00.00	4	2021-01-22 00:00:00.00	site
162	2022-09-13 00:00:00.00	2022-09-15 00:00:00.00	2	2022-09-02 00:00:00.00	booking
163	2021-07-08 00:00:00.00	2021-07-15 00:00:00.00	7	2021-07-05 00:00:00.00	facebook
164	2021-11-21 00:00:00.00	2021-11-30 00:00:00.00	9	2021-10-27 00:00:00.00	telefone
165	2022-09-05 00:00:00.00	2022-09-08 00:00:00.00	3	2022-08-26 00:00:00.00	site
166	2022-07-24 00:00:00.00	2022-08-01 00:00:00.00	8	2022-06-29 00:00:00.00	whatsapp
167	2022-11-28 00:00:00.00	2022-12-07 00:00:00.00	9	2022-11-10 00:00:00.00	instagram
168	2021-01-17 00:00:00.00	2021-01-24 00:00:00.00	7	2021-01-16 00:00:00.00	telefone
169	2022-08-02 00:00:00.00	2022-08-09 00:00:00.00	7	2022-07-10 00:00:00.00	telefone
170	2021-04-17 00:00:00.00	2021-04-24 00:00:00.00	7	2021-04-16 00:00:00.00	facebook
171	2021-06-19 00:00:00.00	2021-06-25 00:00:00.00	6	2021-06-17 00:00:00.00	booking
172	2021-08-30 00:00:00.00	2021-09-01 00:00:00.00	2	2021-08-29 00:00:00.00	site
173	2022-01-01 00:00:00.00	2022-01-06 00:00:00.00	5	2021-12-12 00:00:00.00	telefone
174	2021-01-03 00:00:00.00	2021-01-09 00:00:00.00	6	2020-12-27 00:00:00.00	instagram
175	2021-03-30 00:00:00.00	2021-04-08 00:00:00.00	9	2021-03-11 00:00:00.00	outro
176	2022-08-26 00:00:00.00	2022-08-27 00:00:00.00	1	2022-07-27 00:00:00.00	telefone
177	2022-11-15 00:00:00.00	2022-11-18 00:00:00.00	3	2022-10-27 00:00:00.00	outro
178	2022-12-26 00:00:00.00	2022-12-27 00:00:00.00	1	2022-12-11 00:00:00.00	outro
179	2022-08-12 00:00:00.00	2022-08-14 00:00:00.00	2	2022-08-07 00:00:00.00	telefone
180	2021-09-28 00:00:00.00	2021-09-30 00:00:00.00	2	2021-09-23 00:00:00.00	site
181	2021-01-29 00:00:00.00	2021-01-31 00:00:00.00	2	2021-01-24 00:00:00.00	site
182	2021-09-21 00:00:00.00	2021-10-01 00:00:00.00	10	2021-09-01 00:00:00.00	facebook
183	2022-03-24 00:00:00.00	2022-03-29 00:00:00.00	5	2022-03-21 00:00:00.00	outro
184	2021-01-19 00:00:00.00	2021-01-23 00:00:00.00	4	2021-01-13 00:00:00.00	facebook
185	2021-10-05 00:00:00.00	2021-10-07 00:00:00.00	2	2021-09-18 00:00:00.00	telefone
186	2022-07-25 00:00:00.00	2022-08-02 00:00:00.00	8	2022-07-15 00:00:00.00	site
187	2022-08-31 00:00:00.00	2022-09-06 00:00:00.00	6	2022-08-11 00:00:00.00	instagram
188	2021-10-24 00:00:00.00	2021-10-29 00:00:00.00	5	2021-09-26 00:00:00.00	pessoalmente
189	2021-06-16 00:00:00.00	2021-06-26 00:00:00.00	10	2021-06-07 00:00:00.00	telefone
190	2022-09-08 00:00:00.00	2022-09-15 00:00:00.00	7	2022-08-23 00:00:00.00	whatsapp
191	2022-12-19 00:00:00.00	2022-12-29 00:00:00.00	10	2022-11-27 00:00:00.00	telefone
192	2022-07-04 00:00:00.00	2022-07-13 00:00:00.00	9	2022-06-26 00:00:00.00	whatsapp
193	2021-09-10 00:00:00.00	2021-09-16 00:00:00.00	6	2021-08-29 00:00:00.00	facebook
194	2022-09-07 00:00:00.00	2022-09-14 00:00:00.00	7	2022-09-01 00:00:00.00	whatsapp
195	2021-10-23 00:00:00.00	2021-11-02 00:00:00.00	10	2021-09-24 00:00:00.00	site
196	2022-12-06 00:00:00.00	2022-12-16 00:00:00.00	10	2022-12-01 00:00:00.00	pessoalmente
197	2022-05-28 00:00:00.00	2022-06-01 00:00:00.00	4	2022-05-14 00:00:00.00	booking
198	2022-08-10 00:00:00.00	2022-08-13 00:00:00.00	3	2022-07-29 00:00:00.00	telefone
199	2021-02-04 00:00:00.00	2021-02-05 00:00:00.00	1	2021-01-08 00:00:00.00	whatsapp
200	2022-09-20 00:00:00.00	2022-09-26 00:00:00.00	6	2022-09-05 00:00:00.00	site
201	2022-06-22 00:00:00.00	2022-06-23 00:00:00.00	1	2022-06-03 00:00:00.00	booking
202	2021-02-22 00:00:00.00	2021-03-01 00:00:00.00	7	2021-02-21 00:00:00.00	booking
203	2021-07-01 00:00:00.00	2021-07-04 00:00:00.00	3	2021-06-04 00:00:00.00	instagram
204	2021-08-04 00:00:00.00	2021-08-09 00:00:00.00	5	2021-07-25 00:00:00.00	facebook
205	2021-12-04 00:00:00.00	2021-12-13 00:00:00.00	9	2021-11-25 00:00:00.00	whatsapp
206	2021-04-02 00:00:00.00	2021-04-04 00:00:00.00	2	2021-03-31 00:00:00.00	booking
207	2021-03-29 00:00:00.00	2021-04-07 00:00:00.00	9	2021-03-21 00:00:00.00	whatsapp
208	2022-04-18 00:00:00.00	2022-04-22 00:00:00.00	4	2022-04-13 00:00:00.00	instagram
209	2022-09-24 00:00:00.00	2022-09-25 00:00:00.00	1	2022-09-08 00:00:00.00	telefone
210	2021-12-07 00:00:00.00	2021-12-08 00:00:00.00	1	2021-11-25 00:00:00.00	booking
211	2022-01-11 00:00:00.00	2022-01-18 00:00:00.00	7	2021-12-23 00:00:00.00	telefone
212	2022-02-03 00:00:00.00	2022-02-11 00:00:00.00	8	2022-01-25 00:00:00.00	whatsapp
213	2022-11-21 00:00:00.00	2022-11-25 00:00:00.00	4	2022-11-17 00:00:00.00	facebook
214	2021-05-14 00:00:00.00	2021-05-22 00:00:00.00	8	2021-05-10 00:00:00.00	instagram
215	2022-07-21 00:00:00.00	2022-07-30 00:00:00.00	9	2022-06-22 00:00:00.00	outro
216	2022-02-04 00:00:00.00	2022-02-11 00:00:00.00	7	2022-01-10 00:00:00.00	booking
217	2022-02-18 00:00:00.00	2022-02-26 00:00:00.00	8	2022-01-31 00:00:00.00	instagram
218	2022-04-28 00:00:00.00	2022-05-04 00:00:00.00	6	2022-04-17 00:00:00.00	facebook
219	2022-04-13 00:00:00.00	2022-04-14 00:00:00.00	1	2022-04-04 00:00:00.00	telefone
220	2021-11-30 00:00:00.00	2021-12-09 00:00:00.00	9	2021-11-19 00:00:00.00	whatsapp
221	2022-07-10 00:00:00.00	2022-07-19 00:00:00.00	9	2022-06-21 00:00:00.00	pessoalmente
222	2021-02-04 00:00:00.00	2021-02-12 00:00:00.00	8	2021-01-11 00:00:00.00	site
223	2021-04-20 00:00:00.00	2021-04-25 00:00:00.00	5	2021-03-31 00:00:00.00	outro
224	2021-08-12 00:00:00.00	2021-08-22 00:00:00.00	10	2021-07-16 00:00:00.00	site
225	2021-07-04 00:00:00.00	2021-07-14 00:00:00.00	10	2021-06-23 00:00:00.00	site
226	2022-10-18 00:00:00.00	2022-10-25 00:00:00.00	7	2022-10-05 00:00:00.00	outro
227	2022-02-23 00:00:00.00	2022-03-05 00:00:00.00	10	2022-02-18 00:00:00.00	pessoalmente
228	2022-07-12 00:00:00.00	2022-07-15 00:00:00.00	3	2022-07-06 00:00:00.00	booking
229	2021-02-02 00:00:00.00	2021-02-07 00:00:00.00	5	2021-01-21 00:00:00.00	site
230	2021-10-10 00:00:00.00	2021-10-15 00:00:00.00	5	2021-09-23 00:00:00.00	booking
231	2021-05-06 00:00:00.00	2021-05-13 00:00:00.00	7	2021-05-04 00:00:00.00	booking
232	2021-09-10 00:00:00.00	2021-09-13 00:00:00.00	3	2021-08-18 00:00:00.00	instagram
233	2021-11-30 00:00:00.00	2021-12-04 00:00:00.00	4	2021-11-07 00:00:00.00	outro
234	2022-09-10 00:00:00.00	2022-09-16 00:00:00.00	6	2022-08-16 00:00:00.00	whatsapp
235	2022-09-20 00:00:00.00	2022-09-28 00:00:00.00	8	2022-08-27 00:00:00.00	facebook
236	2021-01-14 00:00:00.00	2021-01-20 00:00:00.00	6	2021-01-13 00:00:00.00	outro
237	2022-02-27 00:00:00.00	2022-02-28 00:00:00.00	1	2022-02-20 00:00:00.00	telefone
238	2021-11-19 00:00:00.00	2021-11-26 00:00:00.00	7	2021-11-10 00:00:00.00	outro
239	2021-03-29 00:00:00.00	2021-04-02 00:00:00.00	4	2021-03-14 00:00:00.00	whatsapp
240	2021-12-11 00:00:00.00	2021-12-19 00:00:00.00	8	2021-11-17 00:00:00.00	outro
241	2021-05-18 00:00:00.00	2021-05-28 00:00:00.00	10	2021-05-05 00:00:00.00	facebook
242	2022-01-04 00:00:00.00	2022-01-06 00:00:00.00	2	2021-12-19 00:00:00.00	booking
243	2022-11-18 00:00:00.00	2022-11-22 00:00:00.00	4	2022-11-04 00:00:00.00	pessoalmente
244	2021-10-07 00:00:00.00	2021-10-10 00:00:00.00	3	2021-09-10 00:00:00.00	site
245	2022-01-04 00:00:00.00	2022-01-14 00:00:00.00	10	2021-12-20 00:00:00.00	instagram
246	2022-04-15 00:00:00.00	2022-04-18 00:00:00.00	3	2022-04-12 00:00:00.00	site
247	2021-11-28 00:00:00.00	2021-12-04 00:00:00.00	6	2021-11-09 00:00:00.00	telefone
248	2022-12-09 00:00:00.00	2022-12-19 00:00:00.00	10	2022-11-25 00:00:00.00	whatsapp
249	2021-06-08 00:00:00.00	2021-06-17 00:00:00.00	9	2021-05-11 00:00:00.00	booking
250	2021-04-22 00:00:00.00	2021-04-26 00:00:00.00	4	2021-04-11 00:00:00.00	telefone
251	2022-07-24 00:00:00.00	2022-07-27 00:00:00.00	3	2022-06-27 00:00:00.00	facebook
252	2021-01-07 00:00:00.00	2021-01-09 00:00:00.00	2	2020-12-28 00:00:00.00	facebook
253	2022-04-12 00:00:00.00	2022-04-13 00:00:00.00	1	2022-03-30 00:00:00.00	facebook
254	2022-12-29 00:00:00.00	2022-12-31 00:00:00.00	2	2022-12-27 00:00:00.00	site
255	2021-09-01 00:00:00.00	2021-09-02 00:00:00.00	1	2021-08-14 00:00:00.00	instagram
256	2021-11-29 00:00:00.00	2021-12-09 00:00:00.00	10	2021-11-23 00:00:00.00	site
257	2021-08-16 00:00:00.00	2021-08-19 00:00:00.00	3	2021-08-01 00:00:00.00	whatsapp
258	2021-02-22 00:00:00.00	2021-03-02 00:00:00.00	8	2021-01-27 00:00:00.00	whatsapp
259	2022-02-13 00:00:00.00	2022-02-16 00:00:00.00	3	2022-01-31 00:00:00.00	site
260	2021-08-08 00:00:00.00	2021-08-16 00:00:00.00	8	2021-07-12 00:00:00.00	site
261	2021-03-29 00:00:00.00	2021-04-06 00:00:00.00	8	2021-03-20 00:00:00.00	facebook
262	2021-03-20 00:00:00.00	2021-03-30 00:00:00.00	10	2021-03-19 00:00:00.00	facebook
263	2021-11-13 00:00:00.00	2021-11-14 00:00:00.00	1	2021-11-08 00:00:00.00	booking
264	2022-03-09 00:00:00.00	2022-03-13 00:00:00.00	4	2022-02-19 00:00:00.00	whatsapp
265	2021-07-01 00:00:00.00	2021-07-04 00:00:00.00	3	2021-06-03 00:00:00.00	site
266	2022-12-11 00:00:00.00	2022-12-20 00:00:00.00	9	2022-11-29 00:00:00.00	booking
267	2021-12-10 00:00:00.00	2021-12-20 00:00:00.00	10	2021-11-30 00:00:00.00	whatsapp
268	2021-03-23 00:00:00.00	2021-04-01 00:00:00.00	9	2021-03-12 00:00:00.00	instagram
269	2021-03-26 00:00:00.00	2021-04-04 00:00:00.00	9	2021-03-15 00:00:00.00	outro
270	2021-09-14 00:00:00.00	2021-09-23 00:00:00.00	9	2021-09-11 00:00:00.00	facebook
271	2022-07-24 00:00:00.00	2022-07-26 00:00:00.00	2	2022-06-25 00:00:00.00	pessoalmente
272	2022-02-26 00:00:00.00	2022-02-27 00:00:00.00	1	2022-02-10 00:00:00.00	site
273	2021-04-18 00:00:00.00	2021-04-21 00:00:00.00	3	2021-03-29 00:00:00.00	pessoalmente
274	2021-11-16 00:00:00.00	2021-11-18 00:00:00.00	2	2021-11-04 00:00:00.00	pessoalmente
275	2022-08-21 00:00:00.00	2022-08-27 00:00:00.00	6	2022-08-05 00:00:00.00	telefone
276	2021-10-15 00:00:00.00	2021-10-24 00:00:00.00	9	2021-09-20 00:00:00.00	instagram
277	2021-10-20 00:00:00.00	2021-10-30 00:00:00.00	10	2021-10-05 00:00:00.00	telefone
278	2022-11-23 00:00:00.00	2022-11-29 00:00:00.00	6	2022-11-19 00:00:00.00	facebook
279	2021-05-11 00:00:00.00	2021-05-14 00:00:00.00	3	2021-04-16 00:00:00.00	facebook
280	2022-06-18 00:00:00.00	2022-06-27 00:00:00.00	9	2022-05-25 00:00:00.00	pessoalmente
281	2022-02-07 00:00:00.00	2022-02-15 00:00:00.00	8	2022-01-30 00:00:00.00	pessoalmente
282	2021-11-14 00:00:00.00	2021-11-17 00:00:00.00	3	2021-10-30 00:00:00.00	site
283	2022-03-24 00:00:00.00	2022-03-27 00:00:00.00	3	2022-03-22 00:00:00.00	outro
284	2022-05-07 00:00:00.00	2022-05-17 00:00:00.00	10	2022-04-24 00:00:00.00	telefone
285	2022-07-06 00:00:00.00	2022-07-12 00:00:00.00	6	2022-06-13 00:00:00.00	booking
286	2021-03-01 00:00:00.00	2021-03-10 00:00:00.00	9	2021-02-21 00:00:00.00	site
287	2022-02-24 00:00:00.00	2022-02-28 00:00:00.00	4	2022-02-21 00:00:00.00	telefone
288	2022-11-03 00:00:00.00	2022-11-13 00:00:00.00	10	2022-10-22 00:00:00.00	site
289	2022-05-23 00:00:00.00	2022-06-01 00:00:00.00	9	2022-04-29 00:00:00.00	facebook
290	2022-08-16 00:00:00.00	2022-08-20 00:00:00.00	4	2022-08-12 00:00:00.00	booking
291	2021-02-20 00:00:00.00	2021-02-27 00:00:00.00	7	2021-02-06 00:00:00.00	whatsapp
292	2022-11-09 00:00:00.00	2022-11-19 00:00:00.00	10	2022-10-15 00:00:00.00	telefone
293	2022-11-27 00:00:00.00	2022-12-03 00:00:00.00	6	2022-10-31 00:00:00.00	pessoalmente
294	2021-09-03 00:00:00.00	2021-09-05 00:00:00.00	2	2021-08-25 00:00:00.00	site
295	2022-01-12 00:00:00.00	2022-01-21 00:00:00.00	9	2021-12-27 00:00:00.00	pessoalmente
296	2021-02-16 00:00:00.00	2021-02-21 00:00:00.00	5	2021-02-11 00:00:00.00	telefone
297	2021-06-03 00:00:00.00	2021-06-11 00:00:00.00	8	2021-05-17 00:00:00.00	telefone
298	2022-11-02 00:00:00.00	2022-11-12 00:00:00.00	10	2022-10-28 00:00:00.00	whatsapp
299	2021-03-21 00:00:00.00	2021-03-23 00:00:00.00	2	2021-03-13 00:00:00.00	instagram
300	2022-10-03 00:00:00.00	2022-10-11 00:00:00.00	8	2022-10-01 00:00:00.00	booking
301	2022-02-10 00:00:00.00	2022-02-19 00:00:00.00	9	2022-02-01 00:00:00.00	telefone
302	2022-05-02 00:00:00.00	2022-05-10 00:00:00.00	8	2022-04-10 00:00:00.00	pessoalmente
303	2021-02-24 00:00:00.00	2021-03-03 00:00:00.00	7	2021-02-23 00:00:00.00	telefone
304	2022-04-21 00:00:00.00	2022-04-26 00:00:00.00	5	2022-04-03 00:00:00.00	pessoalmente
305	2021-05-19 00:00:00.00	2021-05-28 00:00:00.00	9	2021-04-22 00:00:00.00	telefone
306	2022-07-11 00:00:00.00	2022-07-12 00:00:00.00	1	2022-06-13 00:00:00.00	booking
307	2022-10-04 00:00:00.00	2022-10-10 00:00:00.00	6	2022-09-27 00:00:00.00	site
308	2022-01-06 00:00:00.00	2022-01-13 00:00:00.00	7	2021-12-25 00:00:00.00	facebook
309	2022-07-19 00:00:00.00	2022-07-28 00:00:00.00	9	2022-07-05 00:00:00.00	telefone
310	2022-06-17 00:00:00.00	2022-06-26 00:00:00.00	9	2022-06-03 00:00:00.00	whatsapp
311	2021-09-04 00:00:00.00	2021-09-11 00:00:00.00	7	2021-08-27 00:00:00.00	site
312	2021-01-29 00:00:00.00	2021-02-04 00:00:00.00	6	2021-01-18 00:00:00.00	outro
313	2022-11-27 00:00:00.00	2022-11-30 00:00:00.00	3	2022-11-25 00:00:00.00	outro
314	2021-06-07 00:00:00.00	2021-06-12 00:00:00.00	5	2021-05-26 00:00:00.00	facebook
315	2022-03-29 00:00:00.00	2022-03-31 00:00:00.00	2	2022-03-23 00:00:00.00	outro
316	2022-05-11 00:00:00.00	2022-05-13 00:00:00.00	2	2022-04-17 00:00:00.00	booking
317	2021-01-02 00:00:00.00	2021-01-03 00:00:00.00	1	2020-12-14 00:00:00.00	pessoalmente
318	2021-06-18 00:00:00.00	2021-06-19 00:00:00.00	1	2021-06-07 00:00:00.00	whatsapp
319	2021-06-09 00:00:00.00	2021-06-16 00:00:00.00	7	2021-06-01 00:00:00.00	site
320	2021-02-26 00:00:00.00	2021-03-05 00:00:00.00	7	2021-02-20 00:00:00.00	instagram
321	2022-01-23 00:00:00.00	2022-01-31 00:00:00.00	8	2022-01-20 00:00:00.00	site
322	2021-12-11 00:00:00.00	2021-12-18 00:00:00.00	7	2021-12-07 00:00:00.00	outro
323	2021-10-29 00:00:00.00	2021-11-08 00:00:00.00	10	2021-10-21 00:00:00.00	instagram
324	2022-01-26 00:00:00.00	2022-02-01 00:00:00.00	6	2022-01-23 00:00:00.00	instagram
325	2022-10-20 00:00:00.00	2022-10-30 00:00:00.00	10	2022-09-22 00:00:00.00	booking
326	2022-06-01 00:00:00.00	2022-06-02 00:00:00.00	1	2022-05-03 00:00:00.00	booking
327	2021-06-12 00:00:00.00	2021-06-16 00:00:00.00	4	2021-06-07 00:00:00.00	site
328	2021-03-28 00:00:00.00	2021-04-05 00:00:00.00	8	2021-03-10 00:00:00.00	booking
329	2021-12-28 00:00:00.00	2022-01-06 00:00:00.00	9	2021-11-29 00:00:00.00	facebook
330	2022-06-04 00:00:00.00	2022-06-09 00:00:00.00	5	2022-05-10 00:00:00.00	whatsapp
331	2021-01-28 00:00:00.00	2021-01-31 00:00:00.00	3	2021-01-27 00:00:00.00	pessoalmente
332	2021-03-18 00:00:00.00	2021-03-23 00:00:00.00	5	2021-03-17 00:00:00.00	pessoalmente
333	2022-03-11 00:00:00.00	2022-03-20 00:00:00.00	9	2022-02-13 00:00:00.00	outro
334	2021-03-16 00:00:00.00	2021-03-22 00:00:00.00	6	2021-02-16 00:00:00.00	outro
335	2021-11-25 00:00:00.00	2021-11-27 00:00:00.00	2	2021-11-05 00:00:00.00	site
336	2022-07-26 00:00:00.00	2022-08-04 00:00:00.00	9	2022-06-30 00:00:00.00	booking
337	2021-03-20 00:00:00.00	2021-03-26 00:00:00.00	6	2021-03-09 00:00:00.00	facebook
338	2021-11-25 00:00:00.00	2021-11-26 00:00:00.00	1	2021-11-07 00:00:00.00	outro
339	2022-12-22 00:00:00.00	2022-12-30 00:00:00.00	8	2022-11-23 00:00:00.00	whatsapp
340	2021-01-14 00:00:00.00	2021-01-22 00:00:00.00	8	2020-12-17 00:00:00.00	instagram
341	2021-12-31 00:00:00.00	2022-01-08 00:00:00.00	8	2021-12-14 00:00:00.00	booking
342	2021-12-02 00:00:00.00	2021-12-12 00:00:00.00	10	2021-11-12 00:00:00.00	facebook
343	2022-11-04 00:00:00.00	2022-11-10 00:00:00.00	6	2022-10-22 00:00:00.00	site
344	2021-02-20 00:00:00.00	2021-02-22 00:00:00.00	2	2021-02-11 00:00:00.00	facebook
345	2021-05-12 00:00:00.00	2021-05-21 00:00:00.00	9	2021-04-13 00:00:00.00	booking
346	2022-11-05 00:00:00.00	2022-11-14 00:00:00.00	9	2022-10-29 00:00:00.00	pessoalmente
347	2021-02-17 00:00:00.00	2021-02-20 00:00:00.00	3	2021-02-16 00:00:00.00	whatsapp
348	2021-08-11 00:00:00.00	2021-08-20 00:00:00.00	9	2021-07-25 00:00:00.00	outro
349	2021-06-15 00:00:00.00	2021-06-22 00:00:00.00	7	2021-05-28 00:00:00.00	whatsapp
350	2021-07-08 00:00:00.00	2021-07-18 00:00:00.00	10	2021-06-20 00:00:00.00	site
351	2021-12-09 00:00:00.00	2021-12-15 00:00:00.00	6	2021-11-13 00:00:00.00	outro
352	2021-10-13 00:00:00.00	2021-10-21 00:00:00.00	8	2021-09-19 00:00:00.00	whatsapp
353	2021-03-10 00:00:00.00	2021-03-17 00:00:00.00	7	2021-02-12 00:00:00.00	outro
354	2022-12-18 00:00:00.00	2022-12-22 00:00:00.00	4	2022-12-06 00:00:00.00	telefone
355	2022-12-01 00:00:00.00	2022-12-03 00:00:00.00	2	2022-11-17 00:00:00.00	pessoalmente
356	2022-04-27 00:00:00.00	2022-05-03 00:00:00.00	6	2022-04-21 00:00:00.00	telefone
357	2022-06-10 00:00:00.00	2022-06-15 00:00:00.00	5	2022-05-24 00:00:00.00	facebook
358	2021-06-10 00:00:00.00	2021-06-12 00:00:00.00	2	2021-05-18 00:00:00.00	telefone
359	2022-04-03 00:00:00.00	2022-04-12 00:00:00.00	9	2022-04-01 00:00:00.00	facebook
360	2022-05-31 00:00:00.00	2022-06-07 00:00:00.00	7	2022-05-09 00:00:00.00	whatsapp
361	2021-07-26 00:00:00.00	2021-08-04 00:00:00.00	9	2021-07-22 00:00:00.00	whatsapp
362	2021-08-02 00:00:00.00	2021-08-12 00:00:00.00	10	2021-07-23 00:00:00.00	instagram
363	2021-05-20 00:00:00.00	2021-05-27 00:00:00.00	7	2021-05-16 00:00:00.00	outro
364	2021-03-03 00:00:00.00	2021-03-06 00:00:00.00	3	2021-02-16 00:00:00.00	pessoalmente
365	2021-12-28 00:00:00.00	2022-01-05 00:00:00.00	8	2021-12-07 00:00:00.00	pessoalmente
366	2021-12-12 00:00:00.00	2021-12-15 00:00:00.00	3	2021-11-12 00:00:00.00	pessoalmente
367	2022-08-22 00:00:00.00	2022-08-29 00:00:00.00	7	2022-08-10 00:00:00.00	pessoalmente
368	2022-07-19 00:00:00.00	2022-07-27 00:00:00.00	8	2022-07-13 00:00:00.00	site
369	2022-12-17 00:00:00.00	2022-12-24 00:00:00.00	7	2022-11-20 00:00:00.00	pessoalmente
370	2021-02-27 00:00:00.00	2021-03-06 00:00:00.00	7	2021-02-21 00:00:00.00	booking
371	2022-05-26 00:00:00.00	2022-06-02 00:00:00.00	7	2022-05-08 00:00:00.00	facebook
372	2022-05-29 00:00:00.00	2022-06-03 00:00:00.00	5	2022-05-25 00:00:00.00	instagram
373	2021-01-05 00:00:00.00	2021-01-08 00:00:00.00	3	2020-12-27 00:00:00.00	facebook
374	2021-11-17 00:00:00.00	2021-11-24 00:00:00.00	7	2021-11-02 00:00:00.00	facebook
375	2022-12-29 00:00:00.00	2022-12-30 00:00:00.00	1	2022-12-08 00:00:00.00	instagram
376	2021-04-02 00:00:00.00	2021-04-07 00:00:00.00	5	2021-03-29 00:00:00.00	outro
377	2021-12-13 00:00:00.00	2021-12-22 00:00:00.00	9	2021-11-24 00:00:00.00	booking
378	2021-01-02 00:00:00.00	2021-01-07 00:00:00.00	5	2020-12-08 00:00:00.00	outro
379	2021-01-26 00:00:00.00	2021-02-04 00:00:00.00	9	2021-01-18 00:00:00.00	booking
380	2022-06-06 00:00:00.00	2022-06-07 00:00:00.00	1	2022-05-23 00:00:00.00	facebook
381	2022-05-13 00:00:00.00	2022-05-21 00:00:00.00	8	2022-05-01 00:00:00.00	pessoalmente
382	2021-12-15 00:00:00.00	2021-12-21 00:00:00.00	6	2021-11-22 00:00:00.00	facebook
383	2021-03-13 00:00:00.00	2021-03-19 00:00:00.00	6	2021-03-03 00:00:00.00	telefone
384	2021-07-13 00:00:00.00	2021-07-16 00:00:00.00	3	2021-07-01 00:00:00.00	booking
385	2021-07-07 00:00:00.00	2021-07-13 00:00:00.00	6	2021-06-11 00:00:00.00	pessoalmente
386	2021-10-07 00:00:00.00	2021-10-15 00:00:00.00	8	2021-09-09 00:00:00.00	facebook
387	2022-01-21 00:00:00.00	2022-01-25 00:00:00.00	4	2022-01-17 00:00:00.00	whatsapp
388	2022-01-04 00:00:00.00	2022-01-13 00:00:00.00	9	2021-12-27 00:00:00.00	instagram
389	2022-08-05 00:00:00.00	2022-08-12 00:00:00.00	7	2022-07-25 00:00:00.00	telefone
390	2022-02-13 00:00:00.00	2022-02-19 00:00:00.00	6	2022-02-04 00:00:00.00	whatsapp
391	2021-05-24 00:00:00.00	2021-05-31 00:00:00.00	7	2021-05-21 00:00:00.00	facebook
392	2021-10-04 00:00:00.00	2021-10-05 00:00:00.00	1	2021-10-01 00:00:00.00	whatsapp
393	2021-01-31 00:00:00.00	2021-02-04 00:00:00.00	4	2021-01-18 00:00:00.00	pessoalmente
394	2022-02-28 00:00:00.00	2022-03-07 00:00:00.00	7	2022-02-24 00:00:00.00	telefone
395	2021-06-17 00:00:00.00	2021-06-27 00:00:00.00	10	2021-05-21 00:00:00.00	outro
396	2022-10-01 00:00:00.00	2022-10-06 00:00:00.00	5	2022-09-24 00:00:00.00	whatsapp
397	2021-03-16 00:00:00.00	2021-03-24 00:00:00.00	8	2021-03-10 00:00:00.00	site
398	2022-01-27 00:00:00.00	2022-02-04 00:00:00.00	8	2022-01-13 00:00:00.00	facebook
399	2022-02-18 00:00:00.00	2022-02-23 00:00:00.00	5	2022-01-28 00:00:00.00	facebook
400	2021-08-23 00:00:00.00	2021-08-30 00:00:00.00	7	2021-08-19 00:00:00.00	booking
401	2021-12-23 00:00:00.00	2021-12-26 00:00:00.00	3	2021-12-06 00:00:00.00	booking
402	2022-12-29 00:00:00.00	2023-01-02 00:00:00.00	4	2022-12-11 00:00:00.00	booking
403	2022-11-22 00:00:00.00	2022-11-26 00:00:00.00	4	2022-11-12 00:00:00.00	booking
404	2022-10-03 00:00:00.00	2022-10-13 00:00:00.00	10	2022-09-24 00:00:00.00	site
405	2021-09-02 00:00:00.00	2021-09-06 00:00:00.00	4	2021-08-16 00:00:00.00	instagram
406	2021-06-17 00:00:00.00	2021-06-22 00:00:00.00	5	2021-06-16 00:00:00.00	instagram
407	2021-04-27 00:00:00.00	2021-05-07 00:00:00.00	10	2021-04-05 00:00:00.00	site
408	2022-08-31 00:00:00.00	2022-09-09 00:00:00.00	9	2022-08-29 00:00:00.00	instagram
409	2021-08-31 00:00:00.00	2021-09-01 00:00:00.00	1	2021-08-08 00:00:00.00	telefone
410	2022-06-05 00:00:00.00	2022-06-13 00:00:00.00	8	2022-05-07 00:00:00.00	site
411	2021-09-09 00:00:00.00	2021-09-19 00:00:00.00	10	2021-08-28 00:00:00.00	instagram
412	2022-01-07 00:00:00.00	2022-01-13 00:00:00.00	6	2021-12-12 00:00:00.00	pessoalmente
413	2021-03-02 00:00:00.00	2021-03-12 00:00:00.00	10	2021-02-26 00:00:00.00	pessoalmente
414	2022-02-02 00:00:00.00	2022-02-03 00:00:00.00	1	2022-01-31 00:00:00.00	site
415	2022-07-29 00:00:00.00	2022-07-31 00:00:00.00	2	2022-07-20 00:00:00.00	whatsapp
416	2021-09-01 00:00:00.00	2021-09-08 00:00:00.00	7	2021-08-03 00:00:00.00	outro
417	2021-12-17 00:00:00.00	2021-12-19 00:00:00.00	2	2021-12-06 00:00:00.00	telefone
418	2022-08-19 00:00:00.00	2022-08-22 00:00:00.00	3	2022-08-18 00:00:00.00	site
419	2022-12-14 00:00:00.00	2022-12-22 00:00:00.00	8	2022-11-24 00:00:00.00	outro
420	2022-04-05 00:00:00.00	2022-04-07 00:00:00.00	2	2022-03-15 00:00:00.00	instagram
421	2022-06-25 00:00:00.00	2022-07-01 00:00:00.00	6	2022-06-12 00:00:00.00	booking
422	2021-12-23 00:00:00.00	2021-12-26 00:00:00.00	3	2021-12-07 00:00:00.00	whatsapp
423	2021-06-09 00:00:00.00	2021-06-10 00:00:00.00	1	2021-05-13 00:00:00.00	outro
424	2021-10-18 00:00:00.00	2021-10-26 00:00:00.00	8	2021-10-08 00:00:00.00	telefone
425	2022-02-02 00:00:00.00	2022-02-12 00:00:00.00	10	2022-01-06 00:00:00.00	telefone
426	2021-01-05 00:00:00.00	2021-01-11 00:00:00.00	6	2020-12-11 00:00:00.00	outro
427	2022-02-14 00:00:00.00	2022-02-22 00:00:00.00	8	2022-01-27 00:00:00.00	instagram
428	2022-06-14 00:00:00.00	2022-06-22 00:00:00.00	8	2022-06-07 00:00:00.00	whatsapp
429	2021-10-05 00:00:00.00	2021-10-12 00:00:00.00	7	2021-09-14 00:00:00.00	whatsapp
430	2021-10-10 00:00:00.00	2021-10-19 00:00:00.00	9	2021-09-12 00:00:00.00	telefone
431	2022-05-29 00:00:00.00	2022-06-03 00:00:00.00	5	2022-05-14 00:00:00.00	telefone
432	2021-03-18 00:00:00.00	2021-03-19 00:00:00.00	1	2021-02-28 00:00:00.00	facebook
433	2021-05-16 00:00:00.00	2021-05-21 00:00:00.00	5	2021-05-15 00:00:00.00	instagram
434	2022-06-29 00:00:00.00	2022-07-09 00:00:00.00	10	2022-06-02 00:00:00.00	outro
435	2021-08-04 00:00:00.00	2021-08-14 00:00:00.00	10	2021-07-10 00:00:00.00	telefone
436	2022-03-18 00:00:00.00	2022-03-19 00:00:00.00	1	2022-02-16 00:00:00.00	whatsapp
437	2021-05-14 00:00:00.00	2021-05-16 00:00:00.00	2	2021-04-16 00:00:00.00	telefone
438	2022-02-10 00:00:00.00	2022-02-13 00:00:00.00	3	2022-02-04 00:00:00.00	telefone
439	2022-11-17 00:00:00.00	2022-11-21 00:00:00.00	4	2022-11-13 00:00:00.00	booking
440	2022-09-27 00:00:00.00	2022-09-30 00:00:00.00	3	2022-09-20 00:00:00.00	pessoalmente
441	2022-04-17 00:00:00.00	2022-04-23 00:00:00.00	6	2022-04-07 00:00:00.00	booking
442	2022-07-08 00:00:00.00	2022-07-13 00:00:00.00	5	2022-06-29 00:00:00.00	pessoalmente
443	2022-01-13 00:00:00.00	2022-01-14 00:00:00.00	1	2021-12-14 00:00:00.00	instagram
444	2021-07-26 00:00:00.00	2021-07-28 00:00:00.00	2	2021-06-29 00:00:00.00	facebook
445	2022-08-10 00:00:00.00	2022-08-18 00:00:00.00	8	2022-07-28 00:00:00.00	instagram
446	2021-12-26 00:00:00.00	2022-01-02 00:00:00.00	7	2021-12-24 00:00:00.00	instagram
447	2022-12-15 00:00:00.00	2022-12-24 00:00:00.00	9	2022-12-09 00:00:00.00	site
448	2022-05-09 00:00:00.00	2022-05-14 00:00:00.00	5	2022-05-02 00:00:00.00	booking
449	2022-11-16 00:00:00.00	2022-11-25 00:00:00.00	9	2022-11-07 00:00:00.00	telefone
450	2021-02-23 00:00:00.00	2021-03-05 00:00:00.00	10	2021-02-02 00:00:00.00	outro
451	2021-12-31 00:00:00.00	2022-01-09 00:00:00.00	9	2021-12-29 00:00:00.00	whatsapp
452	2022-09-01 00:00:00.00	2022-09-06 00:00:00.00	5	2022-08-09 00:00:00.00	instagram
453	2021-01-28 00:00:00.00	2021-01-31 00:00:00.00	3	2021-01-08 00:00:00.00	outro
454	2021-12-14 00:00:00.00	2021-12-21 00:00:00.00	7	2021-12-10 00:00:00.00	outro
455	2021-07-23 00:00:00.00	2021-07-30 00:00:00.00	7	2021-07-16 00:00:00.00	outro
456	2021-09-04 00:00:00.00	2021-09-13 00:00:00.00	9	2021-08-18 00:00:00.00	booking
457	2021-01-20 00:00:00.00	2021-01-28 00:00:00.00	8	2021-01-04 00:00:00.00	outro
458	2021-01-28 00:00:00.00	2021-02-01 00:00:00.00	4	2020-12-29 00:00:00.00	site
459	2022-05-13 00:00:00.00	2022-05-21 00:00:00.00	8	2022-04-25 00:00:00.00	pessoalmente
460	2021-05-25 00:00:00.00	2021-06-04 00:00:00.00	10	2021-05-14 00:00:00.00	pessoalmente
461	2021-06-03 00:00:00.00	2021-06-11 00:00:00.00	8	2021-05-07 00:00:00.00	instagram
462	2022-06-30 00:00:00.00	2022-07-08 00:00:00.00	8	2022-06-25 00:00:00.00	facebook
463	2021-02-15 00:00:00.00	2021-02-20 00:00:00.00	5	2021-01-16 00:00:00.00	pessoalmente
464	2021-07-29 00:00:00.00	2021-08-03 00:00:00.00	5	2021-07-26 00:00:00.00	pessoalmente
465	2022-03-03 00:00:00.00	2022-03-11 00:00:00.00	8	2022-02-02 00:00:00.00	pessoalmente
466	2021-09-13 00:00:00.00	2021-09-22 00:00:00.00	9	2021-08-19 00:00:00.00	instagram
467	2022-05-01 00:00:00.00	2022-05-02 00:00:00.00	1	2022-04-15 00:00:00.00	site
468	2022-04-23 00:00:00.00	2022-05-02 00:00:00.00	9	2022-03-24 00:00:00.00	whatsapp
469	2021-03-22 00:00:00.00	2021-03-23 00:00:00.00	1	2021-03-19 00:00:00.00	whatsapp
470	2022-03-24 00:00:00.00	2022-03-27 00:00:00.00	3	2022-03-18 00:00:00.00	instagram
471	2022-11-09 00:00:00.00	2022-11-17 00:00:00.00	8	2022-11-01 00:00:00.00	pessoalmente
472	2022-10-16 00:00:00.00	2022-10-21 00:00:00.00	5	2022-10-01 00:00:00.00	booking
473	2022-05-13 00:00:00.00	2022-05-22 00:00:00.00	9	2022-05-12 00:00:00.00	telefone
474	2022-02-27 00:00:00.00	2022-03-04 00:00:00.00	5	2022-01-28 00:00:00.00	site
475	2022-10-18 00:00:00.00	2022-10-19 00:00:00.00	1	2022-09-20 00:00:00.00	pessoalmente
476	2021-10-29 00:00:00.00	2021-11-03 00:00:00.00	5	2021-10-01 00:00:00.00	whatsapp
477	2022-12-29 00:00:00.00	2023-01-08 00:00:00.00	10	2022-12-23 00:00:00.00	booking
478	2022-11-10 00:00:00.00	2022-11-16 00:00:00.00	6	2022-10-18 00:00:00.00	whatsapp
479	2021-06-13 00:00:00.00	2021-06-15 00:00:00.00	2	2021-06-04 00:00:00.00	whatsapp
480	2021-05-03 00:00:00.00	2021-05-04 00:00:00.00	1	2021-04-08 00:00:00.00	facebook
481	2021-10-15 00:00:00.00	2021-10-22 00:00:00.00	7	2021-09-17 00:00:00.00	instagram
482	2022-02-13 00:00:00.00	2022-02-16 00:00:00.00	3	2022-01-14 00:00:00.00	booking
483	2021-11-19 00:00:00.00	2021-11-21 00:00:00.00	2	2021-11-09 00:00:00.00	pessoalmente
484	2021-01-27 00:00:00.00	2021-02-03 00:00:00.00	7	2021-01-07 00:00:00.00	pessoalmente
485	2021-09-20 00:00:00.00	2021-09-29 00:00:00.00	9	2021-09-08 00:00:00.00	booking
486	2021-06-04 00:00:00.00	2021-06-08 00:00:00.00	4	2021-05-23 00:00:00.00	facebook
487	2022-11-06 00:00:00.00	2022-11-15 00:00:00.00	9	2022-10-29 00:00:00.00	site
488	2021-05-29 00:00:00.00	2021-06-06 00:00:00.00	8	2021-05-18 00:00:00.00	outro
489	2021-10-21 00:00:00.00	2021-10-22 00:00:00.00	1	2021-09-21 00:00:00.00	instagram
490	2021-03-09 00:00:00.00	2021-03-18 00:00:00.00	9	2021-03-05 00:00:00.00	outro
491	2021-01-21 00:00:00.00	2021-01-23 00:00:00.00	2	2020-12-22 00:00:00.00	pessoalmente
492	2022-02-03 00:00:00.00	2022-02-10 00:00:00.00	7	2022-01-12 00:00:00.00	pessoalmente
493	2021-12-08 00:00:00.00	2021-12-09 00:00:00.00	1	2021-11-26 00:00:00.00	instagram
494	2022-04-24 00:00:00.00	2022-04-27 00:00:00.00	3	2022-04-13 00:00:00.00	telefone
495	2022-10-18 00:00:00.00	2022-10-25 00:00:00.00	7	2022-09-25 00:00:00.00	pessoalmente
496	2022-03-22 00:00:00.00	2022-03-26 00:00:00.00	4	2022-02-20 00:00:00.00	whatsapp
497	2022-01-07 00:00:00.00	2022-01-14 00:00:00.00	7	2021-12-17 00:00:00.00	telefone
498	2022-07-06 00:00:00.00	2022-07-14 00:00:00.00	8	2022-06-27 00:00:00.00	booking
499	2022-05-29 00:00:00.00	2022-06-08 00:00:00.00	10	2022-05-23 00:00:00.00	telefone
500	2021-12-17 00:00:00.00	2021-12-25 00:00:00.00	8	2021-12-07 00:00:00.00	outro
501	2022-11-13 00:00:00.00	2022-11-18 00:00:00.00	5	2022-10-30 00:00:00.00	instagram
502	2021-11-10 00:00:00.00	2021-11-15 00:00:00.00	5	2021-10-25 00:00:00.00	facebook
503	2021-06-02 00:00:00.00	2021-06-12 00:00:00.00	10	2021-05-24 00:00:00.00	instagram
504	2022-07-05 00:00:00.00	2022-07-09 00:00:00.00	4	2022-06-26 00:00:00.00	outro
505	2022-03-12 00:00:00.00	2022-03-14 00:00:00.00	2	2022-03-08 00:00:00.00	outro
506	2021-02-28 00:00:00.00	2021-03-05 00:00:00.00	5	2021-02-24 00:00:00.00	facebook
507	2022-03-04 00:00:00.00	2022-03-08 00:00:00.00	4	2022-02-25 00:00:00.00	pessoalmente
508	2022-07-28 00:00:00.00	2022-07-30 00:00:00.00	2	2022-07-19 00:00:00.00	site
509	2022-03-29 00:00:00.00	2022-03-30 00:00:00.00	1	2022-03-26 00:00:00.00	booking
510	2021-06-03 00:00:00.00	2021-06-13 00:00:00.00	10	2021-05-26 00:00:00.00	whatsapp
511	2021-06-07 00:00:00.00	2021-06-14 00:00:00.00	7	2021-05-15 00:00:00.00	telefone
512	2021-01-30 00:00:00.00	2021-02-06 00:00:00.00	7	2021-01-07 00:00:00.00	telefone
513	2022-03-02 00:00:00.00	2022-03-04 00:00:00.00	2	2022-02-09 00:00:00.00	whatsapp
514	2022-11-03 00:00:00.00	2022-11-09 00:00:00.00	6	2022-10-08 00:00:00.00	site
515	2022-07-27 00:00:00.00	2022-08-04 00:00:00.00	8	2022-07-21 00:00:00.00	whatsapp
516	2022-03-03 00:00:00.00	2022-03-05 00:00:00.00	2	2022-02-05 00:00:00.00	site
517	2021-03-01 00:00:00.00	2021-03-06 00:00:00.00	5	2021-02-21 00:00:00.00	instagram
518	2022-02-05 00:00:00.00	2022-02-11 00:00:00.00	6	2022-02-02 00:00:00.00	site
519	2021-10-18 00:00:00.00	2021-10-26 00:00:00.00	8	2021-09-27 00:00:00.00	facebook
520	2022-08-16 00:00:00.00	2022-08-26 00:00:00.00	10	2022-07-30 00:00:00.00	outro
521	2022-06-08 00:00:00.00	2022-06-15 00:00:00.00	7	2022-05-27 00:00:00.00	booking
522	2022-07-05 00:00:00.00	2022-07-07 00:00:00.00	2	2022-06-08 00:00:00.00	instagram
523	2021-02-26 00:00:00.00	2021-03-07 00:00:00.00	9	2021-02-14 00:00:00.00	booking
524	2022-07-30 00:00:00.00	2022-07-31 00:00:00.00	1	2022-07-15 00:00:00.00	site
525	2022-08-26 00:00:00.00	2022-08-31 00:00:00.00	5	2022-08-01 00:00:00.00	site
526	2021-10-25 00:00:00.00	2021-11-02 00:00:00.00	8	2021-10-01 00:00:00.00	telefone
527	2021-05-21 00:00:00.00	2021-05-22 00:00:00.00	1	2021-04-21 00:00:00.00	telefone
528	2022-12-03 00:00:00.00	2022-12-11 00:00:00.00	8	2022-11-26 00:00:00.00	instagram
529	2022-08-12 00:00:00.00	2022-08-15 00:00:00.00	3	2022-08-05 00:00:00.00	pessoalmente
530	2022-01-31 00:00:00.00	2022-02-09 00:00:00.00	9	2022-01-24 00:00:00.00	outro
531	2022-07-27 00:00:00.00	2022-07-31 00:00:00.00	4	2022-07-02 00:00:00.00	whatsapp
532	2022-08-26 00:00:00.00	2022-08-28 00:00:00.00	2	2022-08-06 00:00:00.00	whatsapp
533	2022-08-24 00:00:00.00	2022-08-25 00:00:00.00	1	2022-08-11 00:00:00.00	facebook
534	2022-07-10 00:00:00.00	2022-07-12 00:00:00.00	2	2022-07-04 00:00:00.00	instagram
535	2021-02-20 00:00:00.00	2021-02-28 00:00:00.00	8	2021-01-27 00:00:00.00	pessoalmente
536	2022-05-13 00:00:00.00	2022-05-14 00:00:00.00	1	2022-04-20 00:00:00.00	booking
537	2022-08-21 00:00:00.00	2022-08-29 00:00:00.00	8	2022-08-07 00:00:00.00	facebook
538	2022-07-14 00:00:00.00	2022-07-20 00:00:00.00	6	2022-07-13 00:00:00.00	instagram
539	2022-05-29 00:00:00.00	2022-06-02 00:00:00.00	4	2022-05-06 00:00:00.00	site
540	2021-04-28 00:00:00.00	2021-05-04 00:00:00.00	6	2021-04-26 00:00:00.00	site
541	2022-08-24 00:00:00.00	2022-08-30 00:00:00.00	6	2022-07-28 00:00:00.00	instagram
542	2021-10-23 00:00:00.00	2021-10-28 00:00:00.00	5	2021-10-17 00:00:00.00	pessoalmente
543	2021-12-04 00:00:00.00	2021-12-12 00:00:00.00	8	2021-11-28 00:00:00.00	instagram
544	2022-12-11 00:00:00.00	2022-12-16 00:00:00.00	5	2022-12-04 00:00:00.00	telefone
545	2021-03-06 00:00:00.00	2021-03-09 00:00:00.00	3	2021-02-28 00:00:00.00	booking
546	2021-10-17 00:00:00.00	2021-10-20 00:00:00.00	3	2021-10-14 00:00:00.00	telefone
547	2022-09-15 00:00:00.00	2022-09-21 00:00:00.00	6	2022-09-09 00:00:00.00	booking
548	2021-04-14 00:00:00.00	2021-04-17 00:00:00.00	3	2021-03-31 00:00:00.00	whatsapp
549	2021-04-14 00:00:00.00	2021-04-16 00:00:00.00	2	2021-04-04 00:00:00.00	site
550	2021-07-28 00:00:00.00	2021-08-06 00:00:00.00	9	2021-06-30 00:00:00.00	pessoalmente
551	2021-11-02 00:00:00.00	2021-11-05 00:00:00.00	3	2021-10-28 00:00:00.00	instagram
552	2021-02-28 00:00:00.00	2021-03-01 00:00:00.00	1	2021-02-06 00:00:00.00	instagram
553	2022-12-23 00:00:00.00	2022-12-26 00:00:00.00	3	2022-12-08 00:00:00.00	whatsapp
554	2022-04-02 00:00:00.00	2022-04-10 00:00:00.00	8	2022-03-05 00:00:00.00	outro
555	2022-06-17 00:00:00.00	2022-06-22 00:00:00.00	5	2022-05-23 00:00:00.00	outro
556	2022-08-30 00:00:00.00	2022-09-06 00:00:00.00	7	2022-08-27 00:00:00.00	facebook
557	2021-12-02 00:00:00.00	2021-12-07 00:00:00.00	5	2021-11-06 00:00:00.00	telefone
558	2021-02-16 00:00:00.00	2021-02-23 00:00:00.00	7	2021-01-29 00:00:00.00	pessoalmente
559	2022-10-10 00:00:00.00	2022-10-17 00:00:00.00	7	2022-10-09 00:00:00.00	pessoalmente
560	2022-05-28 00:00:00.00	2022-06-03 00:00:00.00	6	2022-04-30 00:00:00.00	pessoalmente
561	2022-01-14 00:00:00.00	2022-01-23 00:00:00.00	9	2022-01-01 00:00:00.00	instagram
562	2021-03-13 00:00:00.00	2021-03-17 00:00:00.00	4	2021-02-16 00:00:00.00	instagram
563	2022-07-15 00:00:00.00	2022-07-19 00:00:00.00	4	2022-06-24 00:00:00.00	site
564	2022-03-16 00:00:00.00	2022-03-18 00:00:00.00	2	2022-02-16 00:00:00.00	facebook
565	2022-06-20 00:00:00.00	2022-06-23 00:00:00.00	3	2022-06-12 00:00:00.00	site
566	2022-10-13 00:00:00.00	2022-10-18 00:00:00.00	5	2022-09-16 00:00:00.00	pessoalmente
567	2022-10-29 00:00:00.00	2022-11-05 00:00:00.00	7	2022-10-27 00:00:00.00	instagram
568	2022-09-23 00:00:00.00	2022-09-27 00:00:00.00	4	2022-09-15 00:00:00.00	facebook
569	2021-09-29 00:00:00.00	2021-10-01 00:00:00.00	2	2021-09-10 00:00:00.00	whatsapp
570	2022-11-22 00:00:00.00	2022-11-23 00:00:00.00	1	2022-10-24 00:00:00.00	facebook
571	2022-06-25 00:00:00.00	2022-06-28 00:00:00.00	3	2022-06-09 00:00:00.00	instagram
572	2022-07-08 00:00:00.00	2022-07-11 00:00:00.00	3	2022-06-24 00:00:00.00	pessoalmente
573	2021-08-03 00:00:00.00	2021-08-13 00:00:00.00	10	2021-07-17 00:00:00.00	facebook
574	2021-05-24 00:00:00.00	2021-05-27 00:00:00.00	3	2021-04-26 00:00:00.00	pessoalmente
575	2021-06-04 00:00:00.00	2021-06-07 00:00:00.00	3	2021-05-29 00:00:00.00	instagram
576	2021-11-03 00:00:00.00	2021-11-10 00:00:00.00	7	2021-10-20 00:00:00.00	outro
577	2021-09-25 00:00:00.00	2021-10-05 00:00:00.00	10	2021-09-05 00:00:00.00	booking
578	2021-03-01 00:00:00.00	2021-03-03 00:00:00.00	2	2021-02-14 00:00:00.00	instagram
579	2022-05-24 00:00:00.00	2022-05-26 00:00:00.00	2	2022-05-04 00:00:00.00	telefone
580	2022-09-21 00:00:00.00	2022-10-01 00:00:00.00	10	2022-08-23 00:00:00.00	telefone
581	2022-10-07 00:00:00.00	2022-10-12 00:00:00.00	5	2022-09-28 00:00:00.00	whatsapp
582	2021-06-15 00:00:00.00	2021-06-19 00:00:00.00	4	2021-05-19 00:00:00.00	booking
583	2022-07-16 00:00:00.00	2022-07-17 00:00:00.00	1	2022-07-09 00:00:00.00	booking
584	2021-08-14 00:00:00.00	2021-08-21 00:00:00.00	7	2021-07-26 00:00:00.00	instagram
585	2021-12-24 00:00:00.00	2022-01-03 00:00:00.00	10	2021-12-18 00:00:00.00	site
586	2021-03-11 00:00:00.00	2021-03-17 00:00:00.00	6	2021-03-01 00:00:00.00	site
587	2021-01-05 00:00:00.00	2021-01-07 00:00:00.00	2	2021-01-03 00:00:00.00	telefone
588	2021-05-02 00:00:00.00	2021-05-09 00:00:00.00	7	2021-04-22 00:00:00.00	telefone
589	2022-07-04 00:00:00.00	2022-07-09 00:00:00.00	5	2022-06-14 00:00:00.00	facebook
590	2022-05-18 00:00:00.00	2022-05-28 00:00:00.00	10	2022-04-22 00:00:00.00	instagram
591	2021-07-30 00:00:00.00	2021-08-06 00:00:00.00	7	2021-07-20 00:00:00.00	booking
592	2021-04-06 00:00:00.00	2021-04-08 00:00:00.00	2	2021-03-14 00:00:00.00	facebook
593	2021-12-30 00:00:00.00	2022-01-09 00:00:00.00	10	2021-12-18 00:00:00.00	telefone
594	2022-02-07 00:00:00.00	2022-02-13 00:00:00.00	6	2022-01-18 00:00:00.00	site
595	2022-10-07 00:00:00.00	2022-10-08 00:00:00.00	1	2022-09-17 00:00:00.00	instagram
596	2021-03-09 00:00:00.00	2021-03-18 00:00:00.00	9	2021-02-27 00:00:00.00	pessoalmente
597	2021-05-12 00:00:00.00	2021-05-14 00:00:00.00	2	2021-04-15 00:00:00.00	instagram
598	2022-09-12 00:00:00.00	2022-09-21 00:00:00.00	9	2022-08-17 00:00:00.00	pessoalmente
599	2021-07-21 00:00:00.00	2021-07-25 00:00:00.00	4	2021-07-14 00:00:00.00	instagram
600	2022-11-06 00:00:00.00	2022-11-12 00:00:00.00	6	2022-10-11 00:00:00.00	booking
601	2021-07-25 00:00:00.00	2021-07-27 00:00:00.00	2	2021-07-10 00:00:00.00	instagram
602	2021-04-16 00:00:00.00	2021-04-24 00:00:00.00	8	2021-03-18 00:00:00.00	site
603	2021-08-18 00:00:00.00	2021-08-28 00:00:00.00	10	2021-08-17 00:00:00.00	outro
604	2022-05-04 00:00:00.00	2022-05-07 00:00:00.00	3	2022-04-30 00:00:00.00	pessoalmente
605	2021-09-02 00:00:00.00	2021-09-05 00:00:00.00	3	2021-08-07 00:00:00.00	telefone
606	2022-03-09 00:00:00.00	2022-03-12 00:00:00.00	3	2022-02-17 00:00:00.00	instagram
607	2022-02-01 00:00:00.00	2022-02-03 00:00:00.00	2	2022-01-18 00:00:00.00	instagram
608	2022-01-03 00:00:00.00	2022-01-08 00:00:00.00	5	2021-12-30 00:00:00.00	telefone
609	2021-03-25 00:00:00.00	2021-04-04 00:00:00.00	10	2021-03-16 00:00:00.00	booking
610	2022-05-21 00:00:00.00	2022-05-31 00:00:00.00	10	2022-05-07 00:00:00.00	facebook
611	2022-12-29 00:00:00.00	2023-01-08 00:00:00.00	10	2022-12-16 00:00:00.00	pessoalmente
612	2021-11-06 00:00:00.00	2021-11-09 00:00:00.00	3	2021-10-25 00:00:00.00	outro
613	2022-08-13 00:00:00.00	2022-08-15 00:00:00.00	2	2022-08-02 00:00:00.00	telefone
614	2021-11-22 00:00:00.00	2021-11-23 00:00:00.00	1	2021-11-18 00:00:00.00	pessoalmente
615	2022-11-05 00:00:00.00	2022-11-11 00:00:00.00	6	2022-11-02 00:00:00.00	facebook
616	2022-02-11 00:00:00.00	2022-02-15 00:00:00.00	4	2022-01-14 00:00:00.00	facebook
617	2022-09-01 00:00:00.00	2022-09-09 00:00:00.00	8	2022-08-05 00:00:00.00	facebook
618	2022-04-16 00:00:00.00	2022-04-17 00:00:00.00	1	2022-03-19 00:00:00.00	whatsapp
619	2022-10-25 00:00:00.00	2022-10-27 00:00:00.00	2	2022-10-17 00:00:00.00	pessoalmente
620	2021-12-17 00:00:00.00	2021-12-22 00:00:00.00	5	2021-12-15 00:00:00.00	booking
621	2022-12-21 00:00:00.00	2022-12-30 00:00:00.00	9	2022-12-04 00:00:00.00	instagram
622	2021-11-24 00:00:00.00	2021-11-27 00:00:00.00	3	2021-10-25 00:00:00.00	whatsapp
623	2021-03-15 00:00:00.00	2021-03-22 00:00:00.00	7	2021-03-07 00:00:00.00	facebook
624	2021-11-02 00:00:00.00	2021-11-06 00:00:00.00	4	2021-10-29 00:00:00.00	facebook
625	2022-10-04 00:00:00.00	2022-10-09 00:00:00.00	5	2022-09-26 00:00:00.00	pessoalmente
626	2022-07-28 00:00:00.00	2022-08-01 00:00:00.00	4	2022-07-09 00:00:00.00	site
627	2021-11-06 00:00:00.00	2021-11-09 00:00:00.00	3	2021-10-12 00:00:00.00	whatsapp
628	2022-03-16 00:00:00.00	2022-03-24 00:00:00.00	8	2022-03-10 00:00:00.00	whatsapp
629	2022-08-20 00:00:00.00	2022-08-30 00:00:00.00	10	2022-08-09 00:00:00.00	site
630	2021-03-07 00:00:00.00	2021-03-08 00:00:00.00	1	2021-02-16 00:00:00.00	site
631	2021-07-05 00:00:00.00	2021-07-12 00:00:00.00	7	2021-06-27 00:00:00.00	site
632	2021-02-06 00:00:00.00	2021-02-16 00:00:00.00	10	2021-01-25 00:00:00.00	facebook
633	2022-10-13 00:00:00.00	2022-10-21 00:00:00.00	8	2022-10-09 00:00:00.00	pessoalmente
634	2021-07-20 00:00:00.00	2021-07-23 00:00:00.00	3	2021-07-16 00:00:00.00	booking
635	2021-07-09 00:00:00.00	2021-07-13 00:00:00.00	4	2021-06-11 00:00:00.00	telefone
636	2021-12-13 00:00:00.00	2021-12-16 00:00:00.00	3	2021-11-16 00:00:00.00	booking
637	2022-07-19 00:00:00.00	2022-07-23 00:00:00.00	4	2022-07-13 00:00:00.00	pessoalmente
638	2021-04-02 00:00:00.00	2021-04-11 00:00:00.00	9	2021-03-07 00:00:00.00	pessoalmente
639	2021-11-04 00:00:00.00	2021-11-08 00:00:00.00	4	2021-10-12 00:00:00.00	booking
640	2022-10-13 00:00:00.00	2022-10-23 00:00:00.00	10	2022-09-28 00:00:00.00	facebook
641	2021-09-22 00:00:00.00	2021-09-25 00:00:00.00	3	2021-09-12 00:00:00.00	outro
642	2021-08-05 00:00:00.00	2021-08-15 00:00:00.00	10	2021-07-15 00:00:00.00	outro
643	2021-10-22 00:00:00.00	2021-10-27 00:00:00.00	5	2021-10-13 00:00:00.00	instagram
644	2022-02-03 00:00:00.00	2022-02-05 00:00:00.00	2	2022-01-22 00:00:00.00	booking
645	2022-11-03 00:00:00.00	2022-11-04 00:00:00.00	1	2022-10-10 00:00:00.00	telefone
646	2021-12-01 00:00:00.00	2021-12-05 00:00:00.00	4	2021-11-06 00:00:00.00	site
647	2021-05-21 00:00:00.00	2021-05-27 00:00:00.00	6	2021-05-20 00:00:00.00	outro
648	2022-07-27 00:00:00.00	2022-07-30 00:00:00.00	3	2022-07-17 00:00:00.00	booking
649	2022-10-26 00:00:00.00	2022-11-03 00:00:00.00	8	2022-10-07 00:00:00.00	whatsapp
650	2022-05-04 00:00:00.00	2022-05-10 00:00:00.00	6	2022-04-20 00:00:00.00	instagram
651	2021-09-19 00:00:00.00	2021-09-25 00:00:00.00	6	2021-09-04 00:00:00.00	outro
652	2021-11-02 00:00:00.00	2021-11-04 00:00:00.00	2	2021-10-30 00:00:00.00	outro
653	2022-08-04 00:00:00.00	2022-08-05 00:00:00.00	1	2022-07-05 00:00:00.00	facebook
654	2021-02-06 00:00:00.00	2021-02-14 00:00:00.00	8	2021-01-30 00:00:00.00	telefone
655	2022-11-18 00:00:00.00	2022-11-25 00:00:00.00	7	2022-10-28 00:00:00.00	site
656	2021-06-22 00:00:00.00	2021-06-30 00:00:00.00	8	2021-05-28 00:00:00.00	facebook
657	2021-01-06 00:00:00.00	2021-01-11 00:00:00.00	5	2021-01-04 00:00:00.00	booking
658	2021-01-06 00:00:00.00	2021-01-07 00:00:00.00	1	2020-12-23 00:00:00.00	outro
659	2021-11-23 00:00:00.00	2021-11-24 00:00:00.00	1	2021-11-13 00:00:00.00	booking
660	2022-12-10 00:00:00.00	2022-12-19 00:00:00.00	9	2022-11-21 00:00:00.00	pessoalmente
661	2022-12-11 00:00:00.00	2022-12-16 00:00:00.00	5	2022-11-11 00:00:00.00	instagram
662	2022-11-09 00:00:00.00	2022-11-14 00:00:00.00	5	2022-11-01 00:00:00.00	telefone
663	2021-02-15 00:00:00.00	2021-02-17 00:00:00.00	2	2021-02-05 00:00:00.00	whatsapp
664	2022-08-26 00:00:00.00	2022-08-27 00:00:00.00	1	2022-08-09 00:00:00.00	pessoalmente
665	2022-01-08 00:00:00.00	2022-01-10 00:00:00.00	2	2021-12-21 00:00:00.00	telefone
666	2021-11-23 00:00:00.00	2021-11-30 00:00:00.00	7	2021-11-21 00:00:00.00	instagram
667	2022-12-11 00:00:00.00	2022-12-18 00:00:00.00	7	2022-11-15 00:00:00.00	pessoalmente
668	2021-12-03 00:00:00.00	2021-12-11 00:00:00.00	8	2021-11-13 00:00:00.00	facebook
669	2021-02-07 00:00:00.00	2021-02-13 00:00:00.00	6	2021-01-23 00:00:00.00	facebook
670	2022-10-27 00:00:00.00	2022-11-01 00:00:00.00	5	2022-09-28 00:00:00.00	pessoalmente
671	2021-09-17 00:00:00.00	2021-09-25 00:00:00.00	8	2021-08-31 00:00:00.00	whatsapp
672	2021-05-12 00:00:00.00	2021-05-20 00:00:00.00	8	2021-04-26 00:00:00.00	outro
673	2021-04-03 00:00:00.00	2021-04-07 00:00:00.00	4	2021-03-07 00:00:00.00	site
674	2022-02-13 00:00:00.00	2022-02-17 00:00:00.00	4	2022-02-08 00:00:00.00	booking
675	2022-06-19 00:00:00.00	2022-06-25 00:00:00.00	6	2022-06-12 00:00:00.00	pessoalmente
676	2021-07-13 00:00:00.00	2021-07-17 00:00:00.00	4	2021-06-17 00:00:00.00	pessoalmente
677	2022-10-23 00:00:00.00	2022-10-27 00:00:00.00	4	2022-10-16 00:00:00.00	instagram
678	2021-04-01 00:00:00.00	2021-04-11 00:00:00.00	10	2021-03-10 00:00:00.00	facebook
679	2022-05-14 00:00:00.00	2022-05-18 00:00:00.00	4	2022-04-19 00:00:00.00	booking
680	2021-06-15 00:00:00.00	2021-06-24 00:00:00.00	9	2021-05-19 00:00:00.00	telefone
681	2021-06-07 00:00:00.00	2021-06-10 00:00:00.00	3	2021-06-04 00:00:00.00	outro
682	2021-08-16 00:00:00.00	2021-08-26 00:00:00.00	10	2021-08-10 00:00:00.00	instagram
683	2021-02-11 00:00:00.00	2021-02-15 00:00:00.00	4	2021-02-08 00:00:00.00	outro
684	2022-11-29 00:00:00.00	2022-12-05 00:00:00.00	6	2022-11-27 00:00:00.00	site
685	2022-03-21 00:00:00.00	2022-03-22 00:00:00.00	1	2022-03-04 00:00:00.00	whatsapp
686	2022-04-25 00:00:00.00	2022-05-03 00:00:00.00	8	2022-04-11 00:00:00.00	booking
687	2021-03-21 00:00:00.00	2021-03-24 00:00:00.00	3	2021-03-11 00:00:00.00	facebook
688	2022-06-30 00:00:00.00	2022-07-05 00:00:00.00	5	2022-06-06 00:00:00.00	site
689	2022-05-27 00:00:00.00	2022-06-04 00:00:00.00	8	2022-04-28 00:00:00.00	instagram
690	2021-12-08 00:00:00.00	2021-12-12 00:00:00.00	4	2021-12-05 00:00:00.00	facebook
691	2021-07-19 00:00:00.00	2021-07-25 00:00:00.00	6	2021-07-07 00:00:00.00	telefone
692	2021-01-01 00:00:00.00	2021-01-07 00:00:00.00	6	2020-12-02 00:00:00.00	site
693	2021-09-07 00:00:00.00	2021-09-16 00:00:00.00	9	2021-08-20 00:00:00.00	whatsapp
694	2022-11-30 00:00:00.00	2022-12-04 00:00:00.00	4	2022-11-12 00:00:00.00	whatsapp
695	2021-02-26 00:00:00.00	2021-03-03 00:00:00.00	5	2021-02-11 00:00:00.00	site
696	2021-01-05 00:00:00.00	2021-01-14 00:00:00.00	9	2020-12-27 00:00:00.00	whatsapp
697	2022-05-16 00:00:00.00	2022-05-21 00:00:00.00	5	2022-05-08 00:00:00.00	telefone
698	2022-06-11 00:00:00.00	2022-06-14 00:00:00.00	3	2022-05-31 00:00:00.00	outro
699	2021-08-16 00:00:00.00	2021-08-18 00:00:00.00	2	2021-07-25 00:00:00.00	pessoalmente
700	2021-04-14 00:00:00.00	2021-04-20 00:00:00.00	6	2021-03-24 00:00:00.00	telefone
701	2022-12-22 00:00:00.00	2022-12-25 00:00:00.00	3	2022-11-29 00:00:00.00	outro
702	2021-05-05 00:00:00.00	2021-05-10 00:00:00.00	5	2021-04-22 00:00:00.00	facebook
703	2022-11-16 00:00:00.00	2022-11-20 00:00:00.00	4	2022-10-30 00:00:00.00	outro
704	2021-07-03 00:00:00.00	2021-07-11 00:00:00.00	8	2021-06-17 00:00:00.00	site
705	2021-10-03 00:00:00.00	2021-10-04 00:00:00.00	1	2021-09-16 00:00:00.00	facebook
706	2021-09-27 00:00:00.00	2021-10-01 00:00:00.00	4	2021-09-19 00:00:00.00	booking
707	2021-08-25 00:00:00.00	2021-08-30 00:00:00.00	5	2021-08-12 00:00:00.00	whatsapp
708	2022-03-20 00:00:00.00	2022-03-21 00:00:00.00	1	2022-03-03 00:00:00.00	instagram
709	2021-03-15 00:00:00.00	2021-03-19 00:00:00.00	4	2021-02-13 00:00:00.00	outro
710	2022-10-09 00:00:00.00	2022-10-18 00:00:00.00	9	2022-09-28 00:00:00.00	site
711	2022-08-29 00:00:00.00	2022-09-06 00:00:00.00	8	2022-08-13 00:00:00.00	whatsapp
712	2022-04-15 00:00:00.00	2022-04-23 00:00:00.00	8	2022-04-02 00:00:00.00	outro
713	2021-08-07 00:00:00.00	2021-08-17 00:00:00.00	10	2021-08-05 00:00:00.00	telefone
714	2022-07-31 00:00:00.00	2022-08-03 00:00:00.00	3	2022-07-10 00:00:00.00	whatsapp
715	2021-12-04 00:00:00.00	2021-12-14 00:00:00.00	10	2021-11-16 00:00:00.00	site
716	2022-06-21 00:00:00.00	2022-06-29 00:00:00.00	8	2022-05-26 00:00:00.00	outro
717	2021-08-06 00:00:00.00	2021-08-16 00:00:00.00	10	2021-07-18 00:00:00.00	telefone
718	2022-09-29 00:00:00.00	2022-10-02 00:00:00.00	3	2022-09-15 00:00:00.00	booking
719	2022-01-01 00:00:00.00	2022-01-08 00:00:00.00	7	2021-12-14 00:00:00.00	pessoalmente
720	2021-06-21 00:00:00.00	2021-06-30 00:00:00.00	9	2021-06-11 00:00:00.00	telefone
721	2021-08-12 00:00:00.00	2021-08-19 00:00:00.00	7	2021-07-22 00:00:00.00	booking
722	2022-12-27 00:00:00.00	2022-12-29 00:00:00.00	2	2022-11-29 00:00:00.00	facebook
723	2022-02-11 00:00:00.00	2022-02-16 00:00:00.00	5	2022-01-18 00:00:00.00	booking
724	2022-05-24 00:00:00.00	2022-05-30 00:00:00.00	6	2022-05-01 00:00:00.00	telefone
725	2021-04-11 00:00:00.00	2021-04-20 00:00:00.00	9	2021-03-17 00:00:00.00	instagram
726	2022-01-07 00:00:00.00	2022-01-17 00:00:00.00	10	2022-01-02 00:00:00.00	telefone
727	2022-03-08 00:00:00.00	2022-03-16 00:00:00.00	8	2022-02-20 00:00:00.00	pessoalmente
728	2021-04-28 00:00:00.00	2021-05-04 00:00:00.00	6	2021-04-13 00:00:00.00	telefone
729	2021-12-06 00:00:00.00	2021-12-11 00:00:00.00	5	2021-11-23 00:00:00.00	site
730	2021-05-09 00:00:00.00	2021-05-14 00:00:00.00	5	2021-04-16 00:00:00.00	outro
731	2021-05-16 00:00:00.00	2021-05-19 00:00:00.00	3	2021-04-17 00:00:00.00	booking
732	2021-12-30 00:00:00.00	2022-01-07 00:00:00.00	8	2021-12-02 00:00:00.00	site
733	2021-02-18 00:00:00.00	2021-02-25 00:00:00.00	7	2021-02-08 00:00:00.00	instagram
734	2021-03-25 00:00:00.00	2021-04-02 00:00:00.00	8	2021-02-28 00:00:00.00	instagram
735	2022-09-10 00:00:00.00	2022-09-18 00:00:00.00	8	2022-08-19 00:00:00.00	site
736	2022-07-03 00:00:00.00	2022-07-04 00:00:00.00	1	2022-06-16 00:00:00.00	instagram
737	2021-11-20 00:00:00.00	2021-11-26 00:00:00.00	6	2021-10-30 00:00:00.00	booking
738	2021-05-23 00:00:00.00	2021-05-30 00:00:00.00	7	2021-05-08 00:00:00.00	instagram
739	2022-01-27 00:00:00.00	2022-02-05 00:00:00.00	9	2022-01-04 00:00:00.00	instagram
740	2021-04-13 00:00:00.00	2021-04-14 00:00:00.00	1	2021-04-03 00:00:00.00	pessoalmente
741	2021-03-30 00:00:00.00	2021-04-04 00:00:00.00	5	2021-03-12 00:00:00.00	telefone
742	2022-03-26 00:00:00.00	2022-04-03 00:00:00.00	8	2022-02-24 00:00:00.00	instagram
743	2021-07-17 00:00:00.00	2021-07-19 00:00:00.00	2	2021-07-07 00:00:00.00	telefone
744	2022-09-23 00:00:00.00	2022-10-01 00:00:00.00	8	2022-09-12 00:00:00.00	outro
745	2021-03-11 00:00:00.00	2021-03-13 00:00:00.00	2	2021-02-10 00:00:00.00	instagram
746	2022-09-12 00:00:00.00	2022-09-14 00:00:00.00	2	2022-08-19 00:00:00.00	whatsapp
747	2022-11-11 00:00:00.00	2022-11-16 00:00:00.00	5	2022-10-27 00:00:00.00	facebook
748	2021-06-29 00:00:00.00	2021-06-30 00:00:00.00	1	2021-06-24 00:00:00.00	site
749	2022-01-17 00:00:00.00	2022-01-25 00:00:00.00	8	2021-12-23 00:00:00.00	whatsapp
750	2022-09-14 00:00:00.00	2022-09-23 00:00:00.00	9	2022-08-15 00:00:00.00	whatsapp
751	2021-04-26 00:00:00.00	2021-05-03 00:00:00.00	7	2021-04-04 00:00:00.00	telefone
752	2021-09-19 00:00:00.00	2021-09-23 00:00:00.00	4	2021-09-08 00:00:00.00	instagram
753	2021-06-09 00:00:00.00	2021-06-19 00:00:00.00	10	2021-06-02 00:00:00.00	telefone
754	2022-07-27 00:00:00.00	2022-07-29 00:00:00.00	2	2022-07-15 00:00:00.00	instagram
755	2021-11-30 00:00:00.00	2021-12-05 00:00:00.00	5	2021-11-20 00:00:00.00	whatsapp
756	2022-05-07 00:00:00.00	2022-05-16 00:00:00.00	9	2022-04-13 00:00:00.00	facebook
757	2021-11-29 00:00:00.00	2021-12-08 00:00:00.00	9	2021-11-27 00:00:00.00	booking
758	2022-04-27 00:00:00.00	2022-04-28 00:00:00.00	1	2022-04-06 00:00:00.00	pessoalmente
759	2022-06-08 00:00:00.00	2022-06-12 00:00:00.00	4	2022-05-10 00:00:00.00	whatsapp
760	2021-06-12 00:00:00.00	2021-06-22 00:00:00.00	10	2021-05-17 00:00:00.00	pessoalmente
761	2022-07-28 00:00:00.00	2022-08-03 00:00:00.00	6	2022-06-29 00:00:00.00	site
762	2022-01-01 00:00:00.00	2022-01-11 00:00:00.00	10	2021-12-27 00:00:00.00	pessoalmente
763	2022-09-09 00:00:00.00	2022-09-15 00:00:00.00	6	2022-08-31 00:00:00.00	outro
764	2022-09-03 00:00:00.00	2022-09-04 00:00:00.00	1	2022-08-11 00:00:00.00	pessoalmente
765	2022-12-08 00:00:00.00	2022-12-09 00:00:00.00	1	2022-11-14 00:00:00.00	telefone
766	2022-11-06 00:00:00.00	2022-11-08 00:00:00.00	2	2022-10-27 00:00:00.00	instagram
767	2022-07-25 00:00:00.00	2022-08-03 00:00:00.00	9	2022-07-14 00:00:00.00	whatsapp
768	2021-12-16 00:00:00.00	2021-12-24 00:00:00.00	8	2021-11-21 00:00:00.00	booking
769	2022-05-13 00:00:00.00	2022-05-19 00:00:00.00	6	2022-05-01 00:00:00.00	site
770	2022-08-21 00:00:00.00	2022-08-27 00:00:00.00	6	2022-08-19 00:00:00.00	telefone
771	2021-02-08 00:00:00.00	2021-02-17 00:00:00.00	9	2021-01-20 00:00:00.00	telefone
772	2021-02-20 00:00:00.00	2021-02-23 00:00:00.00	3	2021-02-19 00:00:00.00	outro
773	2021-09-08 00:00:00.00	2021-09-14 00:00:00.00	6	2021-08-18 00:00:00.00	outro
774	2022-03-22 00:00:00.00	2022-03-27 00:00:00.00	5	2022-03-05 00:00:00.00	booking
775	2021-12-18 00:00:00.00	2021-12-26 00:00:00.00	8	2021-12-16 00:00:00.00	pessoalmente
776	2022-01-26 00:00:00.00	2022-01-31 00:00:00.00	5	2022-01-04 00:00:00.00	instagram
777	2021-11-09 00:00:00.00	2021-11-11 00:00:00.00	2	2021-10-14 00:00:00.00	pessoalmente
778	2021-07-19 00:00:00.00	2021-07-21 00:00:00.00	2	2021-07-16 00:00:00.00	booking
779	2021-01-05 00:00:00.00	2021-01-15 00:00:00.00	10	2020-12-08 00:00:00.00	booking
780	2021-11-10 00:00:00.00	2021-11-19 00:00:00.00	9	2021-10-31 00:00:00.00	pessoalmente
781	2021-06-06 00:00:00.00	2021-06-14 00:00:00.00	8	2021-05-07 00:00:00.00	facebook
782	2022-01-28 00:00:00.00	2022-02-07 00:00:00.00	10	2022-01-11 00:00:00.00	outro
783	2021-10-01 00:00:00.00	2021-10-07 00:00:00.00	6	2021-09-29 00:00:00.00	whatsapp
784	2022-07-21 00:00:00.00	2022-07-25 00:00:00.00	4	2022-07-19 00:00:00.00	instagram
785	2022-01-31 00:00:00.00	2022-02-07 00:00:00.00	7	2022-01-05 00:00:00.00	whatsapp
786	2021-05-30 00:00:00.00	2021-06-06 00:00:00.00	7	2021-05-01 00:00:00.00	site
787	2022-04-15 00:00:00.00	2022-04-23 00:00:00.00	8	2022-03-27 00:00:00.00	booking
788	2022-07-01 00:00:00.00	2022-07-05 00:00:00.00	4	2022-06-14 00:00:00.00	site
789	2022-07-15 00:00:00.00	2022-07-22 00:00:00.00	7	2022-07-07 00:00:00.00	whatsapp
790	2021-09-20 00:00:00.00	2021-09-22 00:00:00.00	2	2021-08-31 00:00:00.00	outro
791	2021-10-07 00:00:00.00	2021-10-14 00:00:00.00	7	2021-09-18 00:00:00.00	whatsapp
792	2021-01-19 00:00:00.00	2021-01-28 00:00:00.00	9	2021-01-14 00:00:00.00	booking
793	2021-07-24 00:00:00.00	2021-08-01 00:00:00.00	8	2021-07-15 00:00:00.00	facebook
794	2021-07-19 00:00:00.00	2021-07-22 00:00:00.00	3	2021-07-16 00:00:00.00	instagram
795	2022-03-16 00:00:00.00	2022-03-22 00:00:00.00	6	2022-02-27 00:00:00.00	pessoalmente
796	2021-01-20 00:00:00.00	2021-01-25 00:00:00.00	5	2020-12-24 00:00:00.00	site
797	2022-05-27 00:00:00.00	2022-06-03 00:00:00.00	7	2022-05-23 00:00:00.00	outro
798	2021-08-18 00:00:00.00	2021-08-19 00:00:00.00	1	2021-08-04 00:00:00.00	booking
799	2021-12-02 00:00:00.00	2021-12-03 00:00:00.00	1	2021-11-11 00:00:00.00	instagram
800	2021-02-01 00:00:00.00	2021-02-04 00:00:00.00	3	2021-01-19 00:00:00.00	facebook
801	2021-11-11 00:00:00.00	2021-11-16 00:00:00.00	5	2021-10-26 00:00:00.00	pessoalmente
802	2021-09-20 00:00:00.00	2021-09-27 00:00:00.00	7	2021-08-25 00:00:00.00	instagram
803	2022-10-17 00:00:00.00	2022-10-27 00:00:00.00	10	2022-09-23 00:00:00.00	site
804	2021-09-20 00:00:00.00	2021-09-27 00:00:00.00	7	2021-09-09 00:00:00.00	booking
805	2021-02-07 00:00:00.00	2021-02-12 00:00:00.00	5	2021-02-03 00:00:00.00	instagram
806	2022-12-03 00:00:00.00	2022-12-05 00:00:00.00	2	2022-11-03 00:00:00.00	facebook
807	2021-08-16 00:00:00.00	2021-08-19 00:00:00.00	3	2021-08-04 00:00:00.00	instagram
808	2022-02-03 00:00:00.00	2022-02-06 00:00:00.00	3	2022-01-17 00:00:00.00	booking
809	2022-07-02 00:00:00.00	2022-07-03 00:00:00.00	1	2022-06-18 00:00:00.00	outro
810	2022-10-20 00:00:00.00	2022-10-21 00:00:00.00	1	2022-10-11 00:00:00.00	telefone
811	2021-06-26 00:00:00.00	2021-06-27 00:00:00.00	1	2021-06-03 00:00:00.00	pessoalmente
812	2022-01-02 00:00:00.00	2022-01-11 00:00:00.00	9	2021-12-25 00:00:00.00	outro
813	2022-03-29 00:00:00.00	2022-04-05 00:00:00.00	7	2022-03-15 00:00:00.00	booking
814	2021-01-28 00:00:00.00	2021-02-07 00:00:00.00	10	2021-01-22 00:00:00.00	instagram
815	2021-08-26 00:00:00.00	2021-09-05 00:00:00.00	10	2021-08-10 00:00:00.00	telefone
816	2022-09-03 00:00:00.00	2022-09-07 00:00:00.00	4	2022-08-12 00:00:00.00	instagram
817	2022-07-08 00:00:00.00	2022-07-10 00:00:00.00	2	2022-07-04 00:00:00.00	booking
818	2021-11-19 00:00:00.00	2021-11-25 00:00:00.00	6	2021-11-18 00:00:00.00	telefone
819	2021-07-10 00:00:00.00	2021-07-14 00:00:00.00	4	2021-06-29 00:00:00.00	facebook
820	2022-01-26 00:00:00.00	2022-02-04 00:00:00.00	9	2022-01-03 00:00:00.00	booking
821	2022-03-06 00:00:00.00	2022-03-14 00:00:00.00	8	2022-02-24 00:00:00.00	site
822	2021-11-27 00:00:00.00	2021-12-01 00:00:00.00	4	2021-11-16 00:00:00.00	outro
823	2021-06-17 00:00:00.00	2021-06-21 00:00:00.00	4	2021-06-13 00:00:00.00	site
824	2021-05-25 00:00:00.00	2021-05-30 00:00:00.00	5	2021-05-09 00:00:00.00	instagram
825	2021-06-14 00:00:00.00	2021-06-22 00:00:00.00	8	2021-05-20 00:00:00.00	facebook
826	2021-04-23 00:00:00.00	2021-04-28 00:00:00.00	5	2021-04-10 00:00:00.00	instagram
827	2021-08-02 00:00:00.00	2021-08-12 00:00:00.00	10	2021-07-07 00:00:00.00	instagram
828	2021-06-30 00:00:00.00	2021-07-05 00:00:00.00	5	2021-06-10 00:00:00.00	pessoalmente
829	2021-06-05 00:00:00.00	2021-06-11 00:00:00.00	6	2021-05-12 00:00:00.00	outro
830	2021-08-19 00:00:00.00	2021-08-24 00:00:00.00	5	2021-07-20 00:00:00.00	telefone
831	2021-12-13 00:00:00.00	2021-12-18 00:00:00.00	5	2021-12-03 00:00:00.00	booking
832	2022-06-18 00:00:00.00	2022-06-21 00:00:00.00	3	2022-06-07 00:00:00.00	pessoalmente
833	2022-06-14 00:00:00.00	2022-06-21 00:00:00.00	7	2022-06-11 00:00:00.00	instagram
834	2022-09-30 00:00:00.00	2022-10-03 00:00:00.00	3	2022-09-08 00:00:00.00	pessoalmente
835	2021-02-09 00:00:00.00	2021-02-13 00:00:00.00	4	2021-01-21 00:00:00.00	booking
836	2022-02-22 00:00:00.00	2022-03-02 00:00:00.00	8	2022-02-11 00:00:00.00	instagram
837	2022-10-23 00:00:00.00	2022-10-27 00:00:00.00	4	2022-10-11 00:00:00.00	outro
838	2021-05-31 00:00:00.00	2021-06-08 00:00:00.00	8	2021-05-09 00:00:00.00	facebook
839	2021-02-12 00:00:00.00	2021-02-17 00:00:00.00	5	2021-01-19 00:00:00.00	pessoalmente
840	2021-11-14 00:00:00.00	2021-11-16 00:00:00.00	2	2021-11-07 00:00:00.00	facebook
841	2021-06-03 00:00:00.00	2021-06-09 00:00:00.00	6	2021-05-15 00:00:00.00	booking
842	2022-02-19 00:00:00.00	2022-02-20 00:00:00.00	1	2022-02-16 00:00:00.00	facebook
843	2022-05-20 00:00:00.00	2022-05-28 00:00:00.00	8	2022-04-28 00:00:00.00	site
844	2022-02-07 00:00:00.00	2022-02-08 00:00:00.00	1	2022-01-08 00:00:00.00	facebook
845	2022-12-29 00:00:00.00	2023-01-03 00:00:00.00	5	2022-12-21 00:00:00.00	telefone
846	2022-05-26 00:00:00.00	2022-05-28 00:00:00.00	2	2022-05-13 00:00:00.00	instagram
847	2021-01-05 00:00:00.00	2021-01-07 00:00:00.00	2	2020-12-20 00:00:00.00	booking
848	2022-01-04 00:00:00.00	2022-01-10 00:00:00.00	6	2021-12-11 00:00:00.00	outro
849	2022-06-30 00:00:00.00	2022-07-02 00:00:00.00	2	2022-06-12 00:00:00.00	instagram
850	2021-11-11 00:00:00.00	2021-11-14 00:00:00.00	3	2021-10-26 00:00:00.00	facebook
851	2021-12-16 00:00:00.00	2021-12-18 00:00:00.00	2	2021-12-01 00:00:00.00	telefone
852	2022-10-06 00:00:00.00	2022-10-09 00:00:00.00	3	2022-09-25 00:00:00.00	facebook
853	2021-07-14 00:00:00.00	2021-07-18 00:00:00.00	4	2021-07-03 00:00:00.00	booking
854	2022-09-03 00:00:00.00	2022-09-09 00:00:00.00	6	2022-08-13 00:00:00.00	telefone
855	2022-01-13 00:00:00.00	2022-01-22 00:00:00.00	9	2021-12-22 00:00:00.00	booking
856	2021-03-29 00:00:00.00	2021-03-31 00:00:00.00	2	2021-03-27 00:00:00.00	instagram
857	2022-01-20 00:00:00.00	2022-01-21 00:00:00.00	1	2022-01-11 00:00:00.00	site
858	2021-03-29 00:00:00.00	2021-04-03 00:00:00.00	5	2021-03-21 00:00:00.00	booking
859	2021-09-01 00:00:00.00	2021-09-11 00:00:00.00	10	2021-08-30 00:00:00.00	facebook
860	2021-09-28 00:00:00.00	2021-10-07 00:00:00.00	9	2021-09-18 00:00:00.00	instagram
861	2022-11-17 00:00:00.00	2022-11-19 00:00:00.00	2	2022-11-04 00:00:00.00	whatsapp
862	2022-05-07 00:00:00.00	2022-05-12 00:00:00.00	5	2022-05-03 00:00:00.00	whatsapp
863	2021-10-15 00:00:00.00	2021-10-25 00:00:00.00	10	2021-09-30 00:00:00.00	booking
864	2022-05-30 00:00:00.00	2022-06-07 00:00:00.00	8	2022-05-11 00:00:00.00	outro
865	2021-01-19 00:00:00.00	2021-01-23 00:00:00.00	4	2020-12-26 00:00:00.00	pessoalmente
866	2022-05-23 00:00:00.00	2022-06-02 00:00:00.00	10	2022-04-23 00:00:00.00	instagram
867	2021-11-25 00:00:00.00	2021-11-28 00:00:00.00	3	2021-11-08 00:00:00.00	site
868	2022-10-25 00:00:00.00	2022-10-29 00:00:00.00	4	2022-10-05 00:00:00.00	site
869	2022-07-21 00:00:00.00	2022-07-26 00:00:00.00	5	2022-07-20 00:00:00.00	facebook
870	2022-03-10 00:00:00.00	2022-03-11 00:00:00.00	1	2022-02-27 00:00:00.00	site
871	2022-06-22 00:00:00.00	2022-06-27 00:00:00.00	5	2022-06-09 00:00:00.00	telefone
872	2022-07-30 00:00:00.00	2022-08-03 00:00:00.00	4	2022-07-17 00:00:00.00	pessoalmente
873	2021-11-30 00:00:00.00	2021-12-10 00:00:00.00	10	2021-11-03 00:00:00.00	pessoalmente
874	2022-09-12 00:00:00.00	2022-09-19 00:00:00.00	7	2022-09-05 00:00:00.00	booking
875	2021-07-24 00:00:00.00	2021-07-31 00:00:00.00	7	2021-07-20 00:00:00.00	pessoalmente
876	2022-04-25 00:00:00.00	2022-04-26 00:00:00.00	1	2022-03-27 00:00:00.00	facebook
877	2021-02-01 00:00:00.00	2021-02-06 00:00:00.00	5	2021-01-30 00:00:00.00	telefone
878	2022-10-01 00:00:00.00	2022-10-07 00:00:00.00	6	2022-09-06 00:00:00.00	instagram
879	2021-09-17 00:00:00.00	2021-09-20 00:00:00.00	3	2021-08-18 00:00:00.00	telefone
880	2021-02-26 00:00:00.00	2021-03-07 00:00:00.00	9	2021-02-19 00:00:00.00	outro
881	2022-02-10 00:00:00.00	2022-02-20 00:00:00.00	10	2022-02-02 00:00:00.00	pessoalmente
882	2021-07-09 00:00:00.00	2021-07-18 00:00:00.00	9	2021-06-29 00:00:00.00	whatsapp
883	2022-08-08 00:00:00.00	2022-08-12 00:00:00.00	4	2022-07-11 00:00:00.00	whatsapp
884	2021-05-10 00:00:00.00	2021-05-14 00:00:00.00	4	2021-04-22 00:00:00.00	pessoalmente
885	2021-12-26 00:00:00.00	2021-12-30 00:00:00.00	4	2021-12-07 00:00:00.00	booking
886	2022-06-06 00:00:00.00	2022-06-15 00:00:00.00	9	2022-06-03 00:00:00.00	outro
887	2022-11-18 00:00:00.00	2022-11-27 00:00:00.00	9	2022-11-02 00:00:00.00	telefone
888	2021-01-21 00:00:00.00	2021-01-26 00:00:00.00	5	2020-12-22 00:00:00.00	pessoalmente
889	2022-06-19 00:00:00.00	2022-06-20 00:00:00.00	1	2022-06-02 00:00:00.00	instagram
890	2021-10-06 00:00:00.00	2021-10-13 00:00:00.00	7	2021-10-05 00:00:00.00	telefone
891	2021-12-25 00:00:00.00	2022-01-01 00:00:00.00	7	2021-12-17 00:00:00.00	site
892	2021-01-16 00:00:00.00	2021-01-18 00:00:00.00	2	2020-12-22 00:00:00.00	telefone
893	2022-09-22 00:00:00.00	2022-09-27 00:00:00.00	5	2022-09-06 00:00:00.00	facebook
894	2022-02-24 00:00:00.00	2022-03-02 00:00:00.00	6	2022-02-22 00:00:00.00	site
895	2021-01-23 00:00:00.00	2021-01-30 00:00:00.00	7	2020-12-28 00:00:00.00	telefone
896	2022-04-24 00:00:00.00	2022-05-01 00:00:00.00	7	2022-03-31 00:00:00.00	site
897	2021-04-26 00:00:00.00	2021-05-06 00:00:00.00	10	2021-04-05 00:00:00.00	outro
898	2021-06-15 00:00:00.00	2021-06-21 00:00:00.00	6	2021-06-12 00:00:00.00	facebook
899	2021-10-23 00:00:00.00	2021-10-25 00:00:00.00	2	2021-09-27 00:00:00.00	booking
900	2022-02-20 00:00:00.00	2022-03-01 00:00:00.00	9	2022-02-07 00:00:00.00	booking
901	2022-10-24 00:00:00.00	2022-11-01 00:00:00.00	8	2022-10-02 00:00:00.00	outro
902	2021-11-23 00:00:00.00	2021-12-01 00:00:00.00	8	2021-10-28 00:00:00.00	pessoalmente
903	2021-03-09 00:00:00.00	2021-03-11 00:00:00.00	2	2021-02-25 00:00:00.00	instagram
904	2022-09-30 00:00:00.00	2022-10-10 00:00:00.00	10	2022-09-28 00:00:00.00	pessoalmente
905	2021-03-01 00:00:00.00	2021-03-05 00:00:00.00	4	2021-02-14 00:00:00.00	outro
906	2022-01-03 00:00:00.00	2022-01-07 00:00:00.00	4	2021-12-09 00:00:00.00	booking
907	2022-05-21 00:00:00.00	2022-05-22 00:00:00.00	1	2022-05-06 00:00:00.00	outro
908	2021-03-17 00:00:00.00	2021-03-19 00:00:00.00	2	2021-03-14 00:00:00.00	outro
909	2021-08-10 00:00:00.00	2021-08-18 00:00:00.00	8	2021-07-18 00:00:00.00	site
910	2022-03-17 00:00:00.00	2022-03-25 00:00:00.00	8	2022-03-07 00:00:00.00	site
911	2021-03-31 00:00:00.00	2021-04-03 00:00:00.00	3	2021-03-13 00:00:00.00	booking
912	2021-11-07 00:00:00.00	2021-11-09 00:00:00.00	2	2021-11-03 00:00:00.00	instagram
913	2022-01-01 00:00:00.00	2022-01-10 00:00:00.00	9	2021-12-12 00:00:00.00	booking
914	2022-01-23 00:00:00.00	2022-01-28 00:00:00.00	5	2022-01-17 00:00:00.00	pessoalmente
915	2021-02-27 00:00:00.00	2021-03-01 00:00:00.00	2	2021-02-19 00:00:00.00	telefone
916	2021-09-07 00:00:00.00	2021-09-10 00:00:00.00	3	2021-08-29 00:00:00.00	site
917	2022-07-01 00:00:00.00	2022-07-04 00:00:00.00	3	2022-06-18 00:00:00.00	outro
918	2022-06-18 00:00:00.00	2022-06-23 00:00:00.00	5	2022-06-01 00:00:00.00	site
919	2021-04-18 00:00:00.00	2021-04-25 00:00:00.00	7	2021-03-24 00:00:00.00	pessoalmente
920	2022-02-20 00:00:00.00	2022-02-25 00:00:00.00	5	2022-02-04 00:00:00.00	instagram
921	2021-01-05 00:00:00.00	2021-01-15 00:00:00.00	10	2020-12-17 00:00:00.00	booking
922	2021-09-24 00:00:00.00	2021-10-02 00:00:00.00	8	2021-09-22 00:00:00.00	pessoalmente
923	2021-04-19 00:00:00.00	2021-04-27 00:00:00.00	8	2021-03-23 00:00:00.00	whatsapp
924	2022-09-14 00:00:00.00	2022-09-22 00:00:00.00	8	2022-08-24 00:00:00.00	instagram
925	2022-07-02 00:00:00.00	2022-07-10 00:00:00.00	8	2022-06-14 00:00:00.00	instagram
926	2021-03-06 00:00:00.00	2021-03-11 00:00:00.00	5	2021-02-16 00:00:00.00	telefone
927	2021-06-02 00:00:00.00	2021-06-05 00:00:00.00	3	2021-05-25 00:00:00.00	outro
928	2021-12-24 00:00:00.00	2022-01-01 00:00:00.00	8	2021-12-02 00:00:00.00	pessoalmente
929	2021-05-23 00:00:00.00	2021-06-02 00:00:00.00	10	2021-05-05 00:00:00.00	telefone
930	2022-07-27 00:00:00.00	2022-08-05 00:00:00.00	9	2022-07-06 00:00:00.00	facebook
931	2021-04-01 00:00:00.00	2021-04-02 00:00:00.00	1	2021-03-16 00:00:00.00	outro
932	2022-04-27 00:00:00.00	2022-05-07 00:00:00.00	10	2022-04-23 00:00:00.00	site
933	2021-04-27 00:00:00.00	2021-04-29 00:00:00.00	2	2021-04-22 00:00:00.00	instagram
934	2022-02-10 00:00:00.00	2022-02-13 00:00:00.00	3	2022-01-21 00:00:00.00	whatsapp
935	2021-07-20 00:00:00.00	2021-07-21 00:00:00.00	1	2021-07-10 00:00:00.00	facebook
936	2022-10-11 00:00:00.00	2022-10-14 00:00:00.00	3	2022-09-22 00:00:00.00	telefone
937	2022-05-03 00:00:00.00	2022-05-07 00:00:00.00	4	2022-04-22 00:00:00.00	booking
938	2022-01-03 00:00:00.00	2022-01-09 00:00:00.00	6	2021-12-11 00:00:00.00	booking
939	2021-02-20 00:00:00.00	2021-02-26 00:00:00.00	6	2021-02-03 00:00:00.00	pessoalmente
940	2021-08-15 00:00:00.00	2021-08-16 00:00:00.00	1	2021-07-25 00:00:00.00	whatsapp
941	2022-04-28 00:00:00.00	2022-04-30 00:00:00.00	2	2022-03-31 00:00:00.00	whatsapp
942	2022-06-04 00:00:00.00	2022-06-11 00:00:00.00	7	2022-05-25 00:00:00.00	pessoalmente
943	2022-01-18 00:00:00.00	2022-01-19 00:00:00.00	1	2022-01-05 00:00:00.00	instagram
944	2021-07-18 00:00:00.00	2021-07-22 00:00:00.00	4	2021-06-30 00:00:00.00	booking
945	2022-07-01 00:00:00.00	2022-07-03 00:00:00.00	2	2022-06-29 00:00:00.00	telefone
946	2021-07-10 00:00:00.00	2021-07-12 00:00:00.00	2	2021-06-12 00:00:00.00	facebook
947	2021-12-24 00:00:00.00	2021-12-28 00:00:00.00	4	2021-11-27 00:00:00.00	outro
948	2022-07-03 00:00:00.00	2022-07-09 00:00:00.00	6	2022-06-12 00:00:00.00	whatsapp
949	2022-05-11 00:00:00.00	2022-05-19 00:00:00.00	8	2022-05-01 00:00:00.00	pessoalmente
950	2021-06-26 00:00:00.00	2021-06-28 00:00:00.00	2	2021-06-23 00:00:00.00	pessoalmente
951	2021-03-30 00:00:00.00	2021-04-07 00:00:00.00	8	2021-03-10 00:00:00.00	booking
952	2021-08-19 00:00:00.00	2021-08-27 00:00:00.00	8	2021-08-03 00:00:00.00	telefone
953	2022-07-22 00:00:00.00	2022-07-24 00:00:00.00	2	2022-06-22 00:00:00.00	booking
954	2022-05-08 00:00:00.00	2022-05-16 00:00:00.00	8	2022-05-03 00:00:00.00	outro
955	2021-06-29 00:00:00.00	2021-06-30 00:00:00.00	1	2021-06-07 00:00:00.00	pessoalmente
956	2022-08-07 00:00:00.00	2022-08-09 00:00:00.00	2	2022-07-27 00:00:00.00	instagram
957	2022-08-28 00:00:00.00	2022-09-02 00:00:00.00	5	2022-08-18 00:00:00.00	pessoalmente
958	2021-10-22 00:00:00.00	2021-10-23 00:00:00.00	1	2021-10-20 00:00:00.00	telefone
959	2022-08-26 00:00:00.00	2022-09-01 00:00:00.00	6	2022-08-18 00:00:00.00	outro
960	2022-11-07 00:00:00.00	2022-11-15 00:00:00.00	8	2022-10-23 00:00:00.00	pessoalmente
961	2021-10-07 00:00:00.00	2021-10-11 00:00:00.00	4	2021-10-05 00:00:00.00	instagram
962	2022-03-01 00:00:00.00	2022-03-04 00:00:00.00	3	2022-02-06 00:00:00.00	whatsapp
963	2021-05-06 00:00:00.00	2021-05-13 00:00:00.00	7	2021-04-20 00:00:00.00	instagram
964	2021-09-20 00:00:00.00	2021-09-22 00:00:00.00	2	2021-09-16 00:00:00.00	telefone
965	2022-09-11 00:00:00.00	2022-09-16 00:00:00.00	5	2022-08-23 00:00:00.00	whatsapp
966	2021-03-01 00:00:00.00	2021-03-04 00:00:00.00	3	2021-02-20 00:00:00.00	whatsapp
967	2021-08-10 00:00:00.00	2021-08-12 00:00:00.00	2	2021-07-13 00:00:00.00	site
968	2021-03-04 00:00:00.00	2021-03-11 00:00:00.00	7	2021-02-12 00:00:00.00	instagram
969	2021-07-17 00:00:00.00	2021-07-26 00:00:00.00	9	2021-07-01 00:00:00.00	whatsapp
970	2022-07-06 00:00:00.00	2022-07-11 00:00:00.00	5	2022-06-14 00:00:00.00	whatsapp
971	2021-08-15 00:00:00.00	2021-08-17 00:00:00.00	2	2021-07-24 00:00:00.00	pessoalmente
972	2022-01-12 00:00:00.00	2022-01-13 00:00:00.00	1	2021-12-20 00:00:00.00	whatsapp
973	2022-03-29 00:00:00.00	2022-04-01 00:00:00.00	3	2022-03-26 00:00:00.00	instagram
974	2022-08-16 00:00:00.00	2022-08-19 00:00:00.00	3	2022-08-01 00:00:00.00	pessoalmente
975	2021-03-20 00:00:00.00	2021-03-29 00:00:00.00	9	2021-02-26 00:00:00.00	facebook
976	2022-09-03 00:00:00.00	2022-09-08 00:00:00.00	5	2022-08-12 00:00:00.00	instagram
977	2021-10-05 00:00:00.00	2021-10-12 00:00:00.00	7	2021-09-11 00:00:00.00	telefone
978	2021-12-05 00:00:00.00	2021-12-07 00:00:00.00	2	2021-11-15 00:00:00.00	site
979	2021-01-26 00:00:00.00	2021-01-30 00:00:00.00	4	2021-01-13 00:00:00.00	booking
980	2022-08-29 00:00:00.00	2022-09-08 00:00:00.00	10	2022-08-24 00:00:00.00	site
981	2021-08-09 00:00:00.00	2021-08-15 00:00:00.00	6	2021-07-23 00:00:00.00	whatsapp
982	2021-03-10 00:00:00.00	2021-03-13 00:00:00.00	3	2021-02-26 00:00:00.00	booking
983	2022-07-01 00:00:00.00	2022-07-09 00:00:00.00	8	2022-06-07 00:00:00.00	booking
984	2022-12-14 00:00:00.00	2022-12-21 00:00:00.00	7	2022-11-16 00:00:00.00	site
985	2022-08-23 00:00:00.00	2022-08-31 00:00:00.00	8	2022-07-25 00:00:00.00	pessoalmente
986	2022-03-24 00:00:00.00	2022-03-28 00:00:00.00	4	2022-03-07 00:00:00.00	site
987	2022-09-19 00:00:00.00	2022-09-29 00:00:00.00	10	2022-09-10 00:00:00.00	booking
988	2021-05-31 00:00:00.00	2021-06-06 00:00:00.00	6	2021-05-19 00:00:00.00	outro
989	2021-07-11 00:00:00.00	2021-07-13 00:00:00.00	2	2021-07-04 00:00:00.00	pessoalmente
990	2022-09-20 00:00:00.00	2022-09-28 00:00:00.00	8	2022-08-29 00:00:00.00	site
991	2021-09-29 00:00:00.00	2021-09-30 00:00:00.00	1	2021-09-27 00:00:00.00	outro
992	2021-12-19 00:00:00.00	2021-12-20 00:00:00.00	1	2021-12-01 00:00:00.00	pessoalmente
993	2021-08-11 00:00:00.00	2021-08-17 00:00:00.00	6	2021-08-05 00:00:00.00	instagram
994	2021-11-21 00:00:00.00	2021-11-30 00:00:00.00	9	2021-11-14 00:00:00.00	whatsapp
995	2022-01-20 00:00:00.00	2022-01-22 00:00:00.00	2	2022-01-13 00:00:00.00	telefone
996	2022-02-10 00:00:00.00	2022-02-14 00:00:00.00	4	2022-01-17 00:00:00.00	site
997	2022-03-02 00:00:00.00	2022-03-03 00:00:00.00	1	2022-02-19 00:00:00.00	telefone
998	2021-12-21 00:00:00.00	2021-12-28 00:00:00.00	7	2021-12-20 00:00:00.00	facebook
999	2021-11-25 00:00:00.00	2021-11-27 00:00:00.00	2	2021-11-18 00:00:00.00	whatsapp
1000	2022-12-03 00:00:00.00	2022-12-04 00:00:00.00	1	2022-11-15 00:00:00.00	booking